Date,AL_Monthly_Sales,AK_Monthly_Sales,AZ_Monthly_Sales,AR_Monthly_Sales,CA_Monthly_Sales,CO_Monthly_Sales,CT_Monthly_Sales,DE_Monthly_Sales,FL_Monthly_Sales,GA_Monthly_Sales,HI_Monthly_Sales,ID_Monthly_Sales,IL_Monthly_Sales,IN_Monthly_Sales,IA_Monthly_Sales,KS_Monthly_Sales,KY_Monthly_Sales,LA_Monthly_Sales,ME_Monthly_Sales,MD_Monthly_Sales,MA_Monthly_Sales,MI_Monthly_Sales,MN_Monthly_Sales,MS_Monthly_Sales,MO_Monthly_Sales,MT_Monthly_Sales,NE_Monthly_Sales,NV_Monthly_Sales,NH_Monthly_Sales,NJ_Monthly_Sales,NM_Monthly_Sales,NY_Monthly_Sales,NC_Monthly_Sales,ND_Monthly_Sales,OH_Monthly_Sales,OK_Monthly_Sales,OR_Monthly_Sales,PA_Monthly_Sales,RI_Monthly_Sales,SC_Monthly_Sales,SD_Monthly_Sales,TN_Monthly_Sales,TX_Monthly_Sales,UT_Monthly_Sales,VT_Monthly_Sales,VA_Monthly_Sales,WA_Monthly_Sales,WV_Monthly_Sales,WI_Monthly_Sales,WY_Monthly_Sales
2009-01-01,7153.59302,622.89115,5461.17269,3772.84655,20947.60131,4324.20517,2838.96057,1073.34327,17648.17011,11397.5295,812.72425,2056.82994,12969.98932,9430.04052,4166.85598,3292.9934,8482.89613,6288.02169,1047.99579,6138.46955,5127.95811,8740.14629,6088.66212,3799.56273,7824.5787,1475.24624,2631.51457,2554.16909,996.89915,6727.73963,1810.10061,12841.91075,11608.72575,1318.89336,14451.56938,4573.49965,4502.81046,14274.20531,709.0145,6650.60135,1102.02109,8739.37973,28331.88743,2418.54633,536.45715,10648.14115,9167.1834,3396.61451,6139.51402,1476.51032
2009-02-01,6538.09475,556.03016,4823.85546,3483.29267,19092.35221,3929.04536,2666.29526,1001.12415,16732.76128,10168.29755,725.61213,1791.81082,10830.38169,8398.79405,3635.90975,2845.17027,7487.03622,5923.26662,901.22313,5198.2939,4634.77658,8217.15561,5474.64594,3572.46844,6454.3722,1274.04195,2357.00331,2293.9842,987.39712,5987.5646,1594.21464,11718.31481,10493.44792,1187.9553,12243.74826,3836.21146,4092.40423,12255.31612,573.21946,6086.11991,1006.79594,8541.60467,24237.57688,2120.65193,465.13768,8926.72643,8483.71736,2716.84163,5402.90938,1435.5561
2009-03-01,6140.10244,532.85974,5004.79698,3271.88382,19875.74023,4015.46496,2501.66082,935.66077,15560.79166,9794.32861,796.49962,1808.93161,11137.03816,7949.79768,3648.04907,2849.19793,7460.21959,5514.06697,924.77704,5180.46679,4503.12661,8096.99866,5481.45348,3400.8891,6277.97323,1235.71075,2284.25975,2444.54169,856.86204,6196.12532,1623.10761,11315.91348,10158.09732,1173.84367,12268.15976,4158.6444,4213.54798,12369.46589,665.86682,5899.41366,951.35412,7648.14505,25380.42337,2171.11264,466.56149,8926.17746,8235.67574,2596.53553,5629.54292,1382.45855
2009-04-01,5785.37336,509.11918,4881.01413,3008.21037,19983.83161,3919.31761,2276.01455,838.13659,15993.49143,9099.36543,784.52554,1624.02454,10155.01541,7309.58778,3333.16957,2810.00328,7064.22823,5483.49977,857.64652,4594.47879,4161.33346,7445.18645,4917.63807,3144.49599,5797.34891,1164.28824,2046.76887,2400.48563,859.66577,5336.0725,1613.60968,10642.06102,9090.93232,1004.3426,10906.47189,3826.24523,3691.68412,11111.21754,558.40234,5301.41945,876.23497,6891.81014,25230.1863,1978.07738,416.25421,7752.91423,7464.55709,2246.45991,5065.96083,1370.53158
2009-05-01,6516.99188,481.76921,6353.22701,3090.73646,19871.82738,4046.95893,2204.34897,803.11363,17872.43372,10119.63555,846.81403,1842.00404,10286.78252,7527.77476,3232.50892,2977.18594,6704.18553,6098.55183,877.37588,4659.81,4163.28609,7351.77182,4786.63286,3489.00983,5861.11852,1065.97629,2095.88564,3086.3585,809.54176,5887.70933,1780.65624,10583.2319,9471.38148,906.43173,11002.0956,4185.02589,3599.16542,10896.79296,663.16977,5893.58693,808.57296,6937.29469,26511.72042,2124.6756,416.80975,8018.59657,6854.00811,2189.25355,5156.37494,1343.384
2009-06-01,7281.39152,470.70977,6608.25352,3682.34674,22028.05018,4072.89491,2287.89692,885.93625,20348.50184,11895.03521,873.31645,1783.25918,11937.60334,8232.34227,3686.6852,3667.05849,6893.11519,6982.79368,857.78979,5176.90189,4120.29959,8117.814,4952.82815,4032.93548,7062.82411,1100.27293,2308.92617,3045.27939,795.52714,6420.16822,1860.03061,11054.67594,11256.74952,891.47356,12193.92691,5360.64075,3540.08462,11306.36241,581.70477,6975.53985,828.95987,7790.44013,31525.78908,2133.61758,430.59896,9399.51101,6731.54253,2278.08048,5437.17533,1306.05072
2009-07-01,8437.90342,483.18069,8303.8034,4442.94229,24414.20538,4746.90852,2623.19065,1025.50796,22495.78864,13490.92456,885.24515,2265.79015,12148.48865,8408.56169,3726.35792,3812.45145,7131.09286,8057.53196,970.1999,5774.99554,4583.5907,8348.21739,5376.82702,4820.80777,7420.82307,1161.47394,2648.65665,3922.14385,884.36106,7026.71168,2097.89842,12570.16389,12466.88457,945.89306,12333.52791,5732.43089,4136.84229,12260.29542,679.53024,7587.12667,904.27658,8950.35803,36817.13544,2809.23308,466.32109,9890.12415,6889.04745,2355.3882,5748.46658,1301.41885
2009-08-01,8065.032,491.70948,8337.61815,4333.13236,24681.49144,4870.45252,2784.29036,1078.8411,21903.7309,13138.68604,922.87368,2186.71588,12624.44274,9157.46481,3887.92777,3808.67627,7405.45404,7853.92806,1028.62779,6177.90809,5339.97995,8944.94647,5540.18757,4605.23159,7479.41748,1191.32544,2641.60742,3692.91038,1014.21781,8324.82705,2098.1358,13468.85737,12644.68098,956.85562,13424.63463,5680.97484,3819.60938,13201.84484,805.28527,7625.55861,924.05067,8862.15299,36275.88472,2624.16176,489.62607,10549.63861,6952.2095,2597.22382,5899.62274,1264.56969
2009-09-01,7422.65326,481.4488,7426.75315,3896.95516,24862.93914,4415.20499,2537.63403,1048.18427,21486.125,11485.08222,881.26614,1845.55841,11299.95429,8206.7107,3410.20471,3198.44265,7397.54342,7494.45371,925.67721,4896.73037,4439.50554,8130.28785,5196.42861,4256.982,6417.89987,1110.06367,2297.86053,3245.70367,938.15292,6346.13409,1874.24244,12326.22801,10979.72623,921.86855,11572.49139,4500.88608,3645.76047,11296.05285,540.1569,6627.42684,852.8833,8505.40754,32093.92008,2484.67304,436.85298,8460.13969,6689.84115,2273.25593,5313.78547,1258.39471
2009-10-01,6396.99344,507.57267,5836.24147,3406.57913,22723.89505,4177.52643,2281.63583,857.75699,19867.93261,10120.54852,912.73259,1660.60658,10632.37221,7908.44039,3340.90209,2874.53774,7555.54882,6870.21749,991.32735,4598.4645,4379.69807,8086.39553,5191.45869,3866.28497,5980.70392,1136.29887,2173.11432,2562.08954,841.40098,5706.24594,1740.16877,10938.84467,9581.00283,1007.42951,11632.24583,4017.31056,3683.60355,11104.81465,601.48379,5841.64144,840.6725,7330.33875,27872.07234,2144.33078,442.80856,8078.59214,6806.7732,2358.44299,5365.7137,1416.35646
2009-11-01,6141.67277,538.87381,5054.80067,3162.99592,19159.06335,4047.9079,2171.22838,810.86784,17536.98059,9226.15402,846.8021,1779.50644,10421.96674,7780.5836,3516.25474,2799.12722,7004.76216,5903.60693,896.46093,4544.17108,4234.32556,7871.52008,5128.57063,3359.09139,5866.92061,1121.70703,2235.32666,2385.99222,823.37617,5428.59218,1697.46924,10670.56993,9006.88581,1047.839,11029.32698,3851.49955,3837.81993,10967.82987,570.77751,5486.47298,867.54613,6865.44247,23222.92422,2052.30699,420.2905,7782.06645,7110.10686,2361.89979,5187.43475,1483.97712
2009-12-01,6964.80012,594.00632,5341.39239,3621.18253,21942.67871,4470.0187,2542.60766,899.30517,17303.61422,10829.91777,837.77332,2108.74142,12244.43093,9001.71478,4056.36928,3308.49935,8310.67483,6199.64329,1003.86568,5648.45252,4671.31774,8770.57386,5869.12989,3701.39472,7453.3194,1317.36965,2731.27011,2649.99585,891.09109,6391.96246,1857.50195,11903.62523,10899.46428,1285.75404,13241.59447,4821.21073,4803.56458,12703.24013,669.01763,6442.57132,1046.74986,7847.46983,27851.89969,2525.3129,508.79455,10029.83511,8825.33959,2901.33267,5939.93834,1522.72891
2010-01-01,8086.52207,597.8027,5414.01979,4252.1924,20256.04117,4477.79151,2848.00557,1089.42132,20264.38597,12804.66861,834.49057,1999.865,13040.23905,9649.41329,4100.04889,3610.63581,8775.7445,7228.38299,1017.19125,6128.75684,4923.5026,8832.47592,6069.56266,4387.98883,8107.61601,1365.82415,2747.28275,2567.12444,1005.39541,6725.03477,1864.05932,12479.2487,12834.19585,1311.33692,13917.06827,4920.15754,4129.83069,13772.56421,641.62838,7453.38866,1135.21225,9687.67789,30235.38855,2370.75202,520.55185,10723.67248,8854.87884,3161.34223,6091.80996,1578.33151
2010-02-01,7427.48953,534.17688,4803.03305,3944.85522,19038.03972,4050.37452,2466.52968,969.73743,17291.42801,11149.49802,730.94957,1745.05293,11758.33175,8746.93664,3683.88664,2991.84184,8390.86829,6608.23867,898.50812,5489.97348,4782.70384,8025.78716,5318.27532,3933.86899,7272.61532,1189.11945,2446.52098,2239.68976,917.82609,5954.08129,1679.91879,11573.52156,11330.71281,1188.33114,12580.24405,4344.39931,3799.94238,12495.93897,604.39825,6651.90266,1015.55871,8982.00284,26517.6913,2184.937,458.23339,9686.06227,7965.96586,2931.20767,5345.09232,1421.04255
2010-03-01,6923.10662,548.42759,5013.31784,3643.32688,20861.1222,4224.4153,2442.71052,964.06001,16645.13934,10597.06245,812.45561,1739.0503,10816.71019,8465.64493,3593.14515,2978.92108,7905.49775,6246.34038,941.91439,5056.54672,4563.82058,8184.39795,5520.25295,3807.93573,6683.76471,1130.3713,2420.48906,2381.48023,853.95343,5973.78389,1723.16271,11228.2225,10769.89724,1123.06837,12529.70696,4262.45382,3966.47235,12284.6529,595.92224,6383.30407,974.98242,8393.88311,26681.47664,2168.37066,459.81994,8568.47228,7928.82407,2721.71328,5518.60109,1431.25185
2010-04-01,6239.46822,501.56775,4960.90168,3297.28929,20255.5442,3991.42951,2240.76074,824.12359,15364.18987,9473.46888,800.36956,1684.44476,10221.08225,7536.2901,3426.36809,2742.57224,7079.63779,5814.21194,856.56275,4458.33532,4073.51351,7541.36466,5006.96919,3418.11615,5827.34449,1081.99571,2273.06444,2289.68201,835.28772,5520.46686,1694.63206,10298.108,9195.34082,983.1678,10882.02377,3904.41934,3700.82753,10953.61066,554.26236,5581.56225,876.71685,7284.44512,24541.76013,2012.71762,417.9632,7466.78036,7443.73932,2221.82249,5145.56567,1427.6082
2010-05-01,6933.68714,477.74703,5605.46301,3446.7695,19017.65044,4058.93485,2130.52141,791.98735,17944.26941,10672.31987,849.00618,1746.50985,10869.94091,8252.63016,3539.80977,3038.55314,7312.96336,6365.6832,904.24627,4884.5607,4386.48271,8370.8516,5318.92001,3626.25503,6231.4497,1090.51545,2166.57844,2554.56582,811.40416,6044.11099,1738.28002,10666.62427,9822.67282,919.59034,11835.76924,4375.06484,3557.33299,11301.56144,604.86172,6254.17381,822.66181,7105.87706,27222.96074,2109.65141,435.68164,8428.16234,7072.3809,2294.02298,5383.72959,1357.3995
2010-06-01,8230.91886,466.32686,7036.53405,4253.03644,22036.60059,4539.74714,2577.60034,935.9728,21765.52057,12898.12312,832.06955,1907.31758,12512.3697,9121.9248,3894.5193,3848.8594,7618.35488,7856.82839,879.57688,5928.45095,4888.57687,8907.61743,5608.07737,4439.26517,7779.51928,1050.77504,2441.33543,3243.38255,847.66889,7212.76312,2016.4728,12297.2547,12210.1881,932.40995,13482.36487,5606.49686,3509.90252,12835.14842,691.3683,7568.06108,869.62404,8679.18798,33553.24169,2305.28668,447.33217,10489.50892,6923.28171,2552.78995,5792.79662,1398.82811
2010-07-01,9032.34484,487.39451,8481.68769,4867.71438,23616.31093,5108.3884,2957.32863,1214.29222,23137.52696,14430.84832,870.77664,2426.49284,14809.33307,10214.45696,4133.42414,4234.49021,8229.99625,8386.24732,1070.37026,6676.73051,5601.90438,10368.36629,6374.93484,4967.9078,8716.90321,1120.00227,2895.02716,3981.22764,1037.93215,8782.92662,2165.39308,14686.48059,13557.72178,1031.40667,14746.06301,6013.31755,3941.77728,14178.09099,826.78829,8190.60812,988.86157,10168.94874,36387.48928,2889.63511,512.09555,11352.42387,7191.64681,2800.16749,6628.63579,1316.37231
2010-08-01,9154.18362,502.30834,8091.29078,5101.09148,24533.6822,5024.19843,3010.47764,1163.94168,23294.29861,14565.85194,889.70247,2257.49887,14971.82324,10236.82335,4412.90986,4373.30134,8263.16963,8505.36869,1055.62249,6350.96431,5294.38235,10311.61215,6573.89871,5058.33972,8841.11166,1177.80069,3039.80548,3766.41357,1035.4002,8128.93004,2160.66234,14574.94557,13608.6772,1079.77917,14934.48743,6436.88689,3907.80112,13609.5015,726.42075,8250.5426,1022.45113,10505.12513,38732.07554,2700.4728,500.64253,10700.73077,7254.92306,2809.36535,6717.00566,1383.45094
2010-09-01,8169.19109,483.97104,7409.50431,4562.14167,23995.94283,4570.75919,2685.62364,1067.66361,22240.1876,12763.72212,850.71533,1863.65855,11941.74849,8535.98474,3534.99947,3559.71532,7496.85561,8151.9121,973.24316,5341.10117,4980.81741,7960.88097,5330.95502,4753.06573,6952.31096,1088.45418,2385.86093,3115.38617,970.20863,6966.62986,1992.18143,12791.4923,12061.19947,948.94157,12177.73464,5071.2492,3569.43405,12202.75292,679.97073,7282.64049,896.76667,9519.14349,34655.35522,2395.27663,449.6057,9400.67976,6808.35653,2399.05784,5399.45751,1334.71434
2010-10-01,6633.44326,505.7446,5797.042,3734.96978,22506.20984,4267.30656,2236.19749,853.3082,18640.74397,10218.60022,877.76392,1648.96539,10746.74548,7914.46013,3480.05485,2941.60211,6885.84919,7149.78456,977.45279,4541.20047,4432.23363,8008.22679,5222.11586,3944.8598,6002.56567,1038.11317,2157.97439,2675.12067,856.84298,5810.20757,1834.41957,11244.35243,9760.08113,979.19723,11515.98286,4168.8725,3607.74035,10972.80611,596.82867,5986.21575,816.3598,7641.06562,28534.64886,2249.30919,440.94732,7875.18917,6859.04146,2398.66396,5352.0375,1418.69228
2010-11-01,6217.23817,535.67637,4981.57299,3326.12682,20114.54453,4185.2855,2214.43515,786.37889,16657.68484,9389.5709,828.62949,1766.45531,10567.64066,7935.80891,3584.24368,2834.54319,6896.27337,6237.77276,926.25744,4561.0435,4373.83356,8137.75296,5374.14974,3452.3326,6030.21604,1130.1001,2247.71186,2403.19956,812.32028,5615.36306,1712.08174,10677.07913,9306.90761,1136.84752,11704.35196,4034.19702,3945.56582,11081.93307,596.69379,5720.328,871.88503,7011.11011,24739.32711,2239.35002,436.54618,8134.92644,7309.61289,2479.01269,5312.44332,1452.96032
2010-12-01,7815.0516,605.89437,5238.66282,3764.77115,22299.20337,4419.1551,2581.57518,945.04491,17964.23883,11707.84553,839.58013,2012.35666,12504.70922,9384.00197,4061.85919,3265.63932,8714.21535,6528.92099,1030.62221,5917.83404,4821.65055,8999.88517,6081.59438,3897.23046,7639.69995,1308.3815,2627.80912,2555.32259,905.83405,6445.12893,1847.08015,12106.24328,11957.35219,1322.18634,13839.62088,4708.46516,4389.31795,13275.40682,680.08353,7156.56552,1065.06873,8543.06992,26656.13494,2418.24186,515.41355,10979.52634,8767.31857,3262.63708,6065.242,1592.80608
2011-01-01,8147.00302,618.90158,5626.18133,4233.94154,21010.16506,4534.79313,2780.3088,1097.70818,18842.68341,12600.36955,837.79506,2063.17098,12941.69478,9782.57112,4150.4056,3423.63418,8762.90684,7174.34566,1017.97144,6247.40554,4923.42175,9092.42729,6210.97803,4351.70253,8054.36927,1354.27279,2666.58506,2599.92724,991.03023,6831.17135,1899.28363,12424.99601,12769.84233,1397.34363,14331.16428,5000.14924,4525.73315,14712.16464,658.99859,7523.14279,1134.50342,9915.90644,29993.36651,2448.76323,524.26429,10887.12089,9013.79836,3237.13047,6138.4352,1591.11202
2011-02-01,7036.97381,553.3496,5150.75866,3974.95746,19138.65064,4146.55559,2390.92709,986.39386,16110.02384,10566.30763,770.44597,1863.55367,11594.09948,8635.89133,3706.09315,3199.6728,7521.78434,7013.20674,902.99687,5155.31014,4655.80166,8089.92484,5628.61851,4012.53061,7026.76172,1231.2253,2503.96624,2286.05873,949.07728,5855.30257,1730.37956,11775.23451,10253.49924,1256.32732,12492.83409,4523.14574,4014.39313,12992.22732,610.61871,6227.37529,1052.12311,8817.50767,27945.66928,2216.45829,467.28531,8899.50336,8486.80628,2763.556,5403.10321,1461.29763
2011-03-01,6736.34265,561.59188,5001.97591,3512.73349,21515.34905,4191.37349,2436.33157,902.05467,15229.21925,9831.03033,849.40308,1820.50531,11295.40583,8893.1948,3763.22951,3003.54359,7489.86621,6093.40103,954.22902,5022.7478,4627.57182,8751.4201,5820.37706,3564.00083,6566.9155,1211.13423,2465.61705,2458.34972,891.99508,6021.38839,1713.31071,11530.65405,9936.11144,1270.86689,12794.81171,4185.30897,4189.41595,12361.8929,628.79733,5882.22702,1025.09698,7657.38928,26464.99249,2268.26885,470.45362,8688.11153,8712.75899,2693.60062,5683.22844,1522.6437
2011-04-01,6395.86961,508.81309,5226.95614,3415.50683,19410.33981,4004.32912,2260.62674,846.21904,17019.78064,9671.61101,817.16236,1664.21379,10403.39477,7581.30322,3417.02039,2832.37742,6764.85883,6236.36483,900.33479,4519.3283,4333.7346,7858.00974,5177.26979,3504.04066,5823.73942,1112.9057,2145.20479,2379.20368,869.38256,5429.6612,1698.50834,10775.87466,9245.27151,1083.51496,11257.18643,3996.91279,3807.34932,11161.56982,571.45621,5807.42255,928.73691,7278.92706,26963.24459,2188.32525,428.06021,7906.59568,7848.76152,2321.75472,5215.86405,1355.37776
2011-05-01,6832.32772,481.60913,5770.42939,3467.03632,20191.00534,4080.20026,2300.76968,790.81817,18563.60384,10772.70919,852.35543,1675.6051,10661.65689,8271.64239,3541.28559,3070.64158,6523.65181,6648.09257,897.05992,4786.89443,4075.08608,8180.7297,5262.66805,3699.78827,6132.82273,1051.9823,2184.14995,2608.40377,779.84507,5991.75936,1818.96976,10689.33161,10082.02887,1001.83822,12140.29363,4586.92038,3640.03789,11160.5814,569.81774,6436.56132,865.0424,7151.34157,29173.90689,2192.41564,427.58258,8497.36704,7343.2622,2311.78993,5363.39939,1433.06288
2011-06-01,8348.77176,464.61511,7057.86887,4300.11977,21788.56284,4422.64418,2502.91497,979.22228,21422.24469,12894.68655,801.90382,1886.87061,12154.9836,8934.61381,3814.39343,3858.22319,7206.30703,7861.27546,992.20067,5692.68314,4603.47469,8949.60417,5585.65683,4505.46846,7428.19019,1023.2807,2398.96736,3066.97278,887.81488,6764.96006,2037.47423,12129.00641,12108.14017,963.99314,12991.99686,6023.94461,3547.42043,12367.73341,662.9965,7476.64628,877.42299,8664.30428,35730.16758,2347.46148,443.91548,9870.19651,7334.59329,2459.91123,5605.35535,1381.84626
2011-07-01,8807.71352,474.85154,8322.65069,4960.12603,23355.01714,5182.13615,2893.14918,1119.81377,22144.83961,14121.2402,852.09474,2481.27792,14759.22035,10503.99954,4479.84522,4557.83867,8188.19322,8653.95562,1030.59307,6659.57204,5396.81076,10846.24683,6562.5198,5003.66888,9014.82531,1134.30295,2998.82673,3776.20844,985.10867,8570.95946,2283.74202,14203.37035,13319.58952,1080.10931,15553.88937,6804.72064,3751.64897,13684.50462,833.46815,8157.70541,1007.33937,9773.88592,38540.46336,2768.20716,497.09751,11284.28561,7146.46798,2725.3646,6738.69814,1448.91494
2011-08-01,9226.12209,495.03089,8807.79548,5147.21255,26070.62769,5289.80182,2995.18851,1164.39922,23198.99287,14330.60145,866.77897,2354.41793,14172.56924,9959.88459,4203.28226,4350.52254,8088.38714,8777.98073,1017.60602,6098.19083,5096.56475,9886.88094,6285.13083,5074.81714,8585.09679,1176.43657,2910.01971,3815.53836,1011.15747,7827.65228,2305.95758,14159.58378,13267.64968,1095.83094,14579.76525,6686.26831,4007.38295,13591.08773,721.05174,8242.94025,1071.00314,10310.39749,41667.1681,2818.38447,486.41053,10355.38319,7366.20818,2794.5325,6432.68566,1390.49819
2011-09-01,7634.76474,485.06698,7413.02546,4334.64983,25141.56538,4656.57896,2518.71177,1029.88963,22174.87615,12100.30722,841.19766,1919.97021,11767.51308,8405.37395,3531.26842,3431.31837,7271.84199,8276.45603,932.95175,5191.75062,4784.30602,8280.33704,5476.03265,4644.65668,6714.12594,1002.47566,2370.09633,3160.00162,953.42735,6808.08916,2036.35922,12805.24406,10978.24784,1025.86997,12430.32441,4835.18142,3683.7354,12106.07221,637.72602,6959.64179,935.46373,8991.54788,36600.68907,2492.12554,450.30195,8948.68255,6957.09059,2370.55841,5468.57631,1331.46017
2011-10-01,6461.04292,509.36119,5888.1716,3635.37173,22072.76711,4237.23506,2240.71511,858.27318,18434.33092,9849.97946,859.84848,1686.67074,10700.21377,8125.03704,3482.99553,2944.83185,7054.49049,6966.18041,915.69559,4524.91432,4322.68796,8129.04304,5314.14523,3803.94731,5985.59636,1110.73285,2201.25704,2670.20308,871.43517,5647.32081,1801.13248,11361.90522,9519.37883,1058.31417,11739.37279,4323.60881,3578.60926,11287.92737,597.419,5915.99326,860.25552,7231.44263,29754.84765,2305.68262,437.25234,7902.95906,7020.52844,2349.68887,5338.10802,1363.25527
2011-11-01,6359.99802,561.50102,4942.52661,3325.98248,20439.4777,4184.62185,2153.06605,823.06498,15851.5191,9303.87276,806.88453,1823.93629,10712.24353,7934.60744,3536.50845,2860.85695,7036.05087,6138.68062,878.64338,4558.51101,4186.30115,8160.89953,5388.46284,3424.22758,6007.10696,1121.21597,2293.82656,2411.25388,816.21433,5242.93453,1717.39228,10724.3964,9332.57929,1189.32899,11629.78712,4150.17583,3912.84764,11022.7588,597.26412,5678.18044,897.35399,7129.84746,25503.9399,2282.99643,423.14116,7931.61124,7642.52964,2476.76571,5330.52046,1528.81088
2011-12-01,7008.43914,604.84795,5735.30487,3620.19099,21808.17226,4528.01542,2386.28354,885.439,16098.30767,10328.43365,805.78291,2031.53144,11722.57173,8790.01976,4028.54946,3226.93783,7630.00225,6529.1413,975.0625,5142.40283,4564.15079,8828.03477,5820.84839,3748.70807,6915.29083,1258.11597,2537.5672,2684.35768,862.11891,5868.56283,1999.1552,11467.01196,10272.59431,1313.67848,12804.88409,4730.45728,4512.87192,12308.71779,642.80588,6180.7096,1025.25846,7810.83132,27726.66059,2529.85703,494.41903,9056.44834,8852.11155,2734.09995,5893.64779,1609.48229
2012-01-01,7149.77908,618.73233,5374.51344,3910.68016,20887.54582,4416.16292,2616.52417,990.19686,16566.40496,10883.47665,814.03735,2019.26436,12249.32558,9365.89415,3926.87648,3257.14303,8021.76608,6863.3825,1016.65311,5588.35869,4815.27441,8885.6284,5931.05077,3989.16414,7118.83455,1291.70786,2569.61041,2579.56731,967.45623,6286.40361,1875.10702,11897.04178,11023.24167,1375.57872,13606.24759,4693.21087,4387.50537,13142.51977,632.11469,6572.79064,1066.94561,8352.53019,28330.45624,2420.86563,510.81326,9717.17207,8988.0602,2994.09119,5912.1303,1569.66033
2012-02-01,6587.39991,595.16679,4951.70277,3665.35577,19050.37778,4145.5772,2415.61049,918.3881,15479.90699,9841.28967,752.74292,1818.68703,11279.1152,8482.83845,3758.89702,2949.61827,7465.63938,6315.42252,916.23496,5061.54895,4412.65197,8265.02319,5536.44973,3681.08975,6529.98368,1250.25856,2456.5933,2356.05565,912.72678,5743.78205,1772.16233,11322.08216,9996.91052,1319.98455,12556.45543,4297.14971,4014.41254,12268.15304,602.69811,5934.69893,1021.18847,7864.45355,25728.88668,2312.92566,463.29911,8734.20971,8636.74186,2744.78113,5490.29696,1464.96723
2012-03-01,6561.12209,556.74138,5055.7937,3494.36748,20177.82627,4137.07999,2355.58939,885.71336,16484.38507,9819.56133,790.64005,1760.30255,10960.10775,8311.10217,3638.34407,2917.17481,7297.65883,6283.65337,927.04547,4708.47479,4388.85393,8237.89602,5508.27218,3659.91775,6144.43586,1153.29232,2342.32093,2524.49335,875.18486,5608.89929,1769.49239,11053.95324,9593.06049,1231.70652,11966.96953,4232.5231,4159.66041,11856.71339,601.53479,5867.75566,979.10999,7325.9714,26164.7634,2224.87653,444.82325,8085.72569,8373.22032,2429.27733,5518.59848,1450.84016
2012-04-01,6442.71144,515.78731,5351.03322,3355.27243,18947.64026,3963.7616,2128.34834,816.52885,16692.97022,9559.92757,767.93295,1666.58438,10101.28735,7669.65523,3330.8652,2874.60619,6863.1075,6365.64598,854.24995,4368.9328,4115.84944,7724.56277,5063.35624,3550.60008,5710.63034,1098.10944,2160.16254,2457.70267,825.55251,5357.5258,1735.9567,10469.39891,9020.48365,1083.69355,11418.5898,4181.70336,3661.49417,10599.38675,565.66052,5726.6371,890.40869,7032.43209,26338.92394,2186.10881,409.20417,7608.88966,7565.29361,2288.76828,5098.5989,1361.12355
2012-05-01,7254.37336,480.61039,6451.04421,3592.7111,20601.20138,4214.93649,2183.96992,884.00824,18822.0301,10970.50047,806.5978,1935.32679,11131.98033,8752.01531,3631.6036,3316.47535,7394.48232,6774.95664,879.37108,4757.39375,4139.92246,8567.66257,5308.49656,3846.06635,6592.39111,1018.79599,2412.41579,3039.04915,786.56051,5975.84902,1849.2152,10702.53598,10409.35322,1068.02489,12391.84715,5029.44457,3626.82641,11286.12325,592.35082,6437.03961,860.57667,7454.46742,30054.72797,2368.84809,434.47809,8582.93059,7177.44685,2400.02959,5445.36173,1316.66365
2012-06-01,7728.74406,466.9367,7580.20859,4201.9108,22015.22553,4783.52934,2397.05386,996.09644,20403.85364,11840.22998,787.83767,2203.55787,12880.2866,9195.53567,3990.36281,3848.1111,7265.41243,7982.95223,1073.31851,5418.54635,4582.84279,9391.47551,5787.06373,4349.75013,7501.05294,1067.71865,2813.27119,3420.58992,852.43166,6670.68202,2125.12126,12046.52358,11252.21392,1075.46604,13264.30271,5523.90069,3568.87741,11708.78258,660.3705,6844.7088,935.62318,8395.01694,34088.19608,2580.97516,442.80343,9241.79678,7027.99438,2407.17959,6050.13489,1423.6464
2012-07-01,8667.80893,491.53117,8081.98799,4834.79941,23334.0055,5342.82681,2968.00875,1283.95928,22261.95915,13643.85271,821.78182,2539.82472,15636.18162,10644.45681,4659.49201,4557.0956,8247.89015,8405.44189,1032.68443,6517.6567,5393.62327,11002.23367,6793.56714,4837.38061,9175.71083,1194.95521,3437.43607,3879.4613,1006.59611,8374.5231,2236.32793,14225.04311,13086.8926,1253.92916,15289.6269,6627.69953,3911.41217,13761.06889,795.05705,8042.06208,1113.14286,9877.21872,37508.39065,2962.28976,494.57624,10999.89774,7342.87336,2697.59149,7089.8709,1363.1518
2012-08-01,8390.14305,499.53195,8557.9714,4985.9199,26232.37481,5195.88179,3037.22457,1210.58952,22575.31943,13150.20333,854.10673,2467.55303,14063.90488,9766.47239,4166.98975,4079.5439,7955.90693,8433.32255,1058.83589,6089.26856,5534.93682,9670.49023,6167.494,4862.5028,8159.17467,1272.30271,3108.88598,3938.73875,1071.38719,8149.6642,2291.23882,14347.91056,12651.09262,1207.87361,14529.45291,6160.08942,4048.78702,13402.44165,810.71659,7662.80758,1081.2254,9791.47441,39226.45359,2976.60045,501.47153,10395.23511,7436.36881,2733.3813,6273.17714,1420.32378
2012-09-01,7500.5924,487.93038,7180.49074,4330.1183,24117.85582,4634.8919,2591.45632,863.42156,20777.40268,11517.32117,797.48134,1910.54262,11948.40171,8264.05216,3624.46042,3400.99819,7165.5742,7741.64738,892.95919,5045.5429,4730.62456,8195.17487,5363.07811,4453.6262,6590.47278,1080.18576,2440.53984,3276.536,972.74451,6195.31486,2015.59281,13541.78786,10858.73347,1119.21618,11693.55457,5214.44066,3533.01667,12161.38295,608.85594,6656.79165,957.09626,8633.08659,34606.09442,2479.99887,438.54906,8696.01395,6842.80738,2285.51575,5419.62922,1310.66452
2012-10-01,6565.28152,510.98373,5933.36386,3633.82586,23816.73852,4253.63512,2148.33165,829.67196,18815.23774,9916.71185,844.27421,1757.68822,10921.93319,8013.42505,3556.53039,2978.46073,6920.34698,6874.71471,991.82716,4452.7217,4251.08196,8237.59293,5299.68425,3885.04436,5986.64807,1058.10257,2243.88233,2727.8739,838.97025,5486.65812,1843.83999,11163.41038,9677.35805,1176.33338,11627.57814,4410.53138,3661.33162,11091.81198,602.72809,6038.18038,876.80263,7117.19918,29705.21772,2401.09979,427.66109,8067.1425,7044.48156,2481.27716,5366.47458,1355.07991
2012-11-01,6459.509,566.05737,5043.05174,3357.22246,20023.56125,4165.22512,2198.79641,933.07592,15693.09292,9630.28344,789.99293,1703.97438,10692.07028,8121.82941,3565.90732,2922.36193,6986.47766,6332.49806,921.22599,4672.40716,4294.88407,8052.24096,5401.90476,3572.74798,6046.33026,1108.78109,2293.70601,2367.84105,833.19439,5439.02775,1768.37901,10744.22196,9890.53306,1285.1205,11602.38646,4199.84168,3811.42876,11058.57314,595.11853,5844.72937,920.75403,7017.92208,26384.82383,2268.01956,446.23619,8559.06344,7386.26223,2617.74971,5308.33629,1438.74438
2012-12-01,6875.08317,626.40148,5502.18135,3497.38333,20333.68509,4431.78875,2451.42415,907.68094,16101.77013,10205.51386,811.73124,1928.55306,11675.40951,8586.14823,3858.77089,3191.88689,7464.22755,6357.10517,996.65326,5132.69965,4652.77833,8588.20982,5828.11742,3699.78485,6879.6939,1269.17282,2549.1146,2612.00896,927.456,5764.58418,1896.13455,11648.7585,10625.01974,1520.02889,12509.85283,4770.08905,4304.10343,12372.76963,641.12835,6152.7512,1031.33621,7519.69939,26967.19648,2540.75969,496.84859,9106.90778,8514.8904,2737.59849,5847.48053,1496.48829
2013-01-01,7313.85836,613.73683,5862.34184,3960.91045,22027.28785,4526.98317,2635.47953,1089.39334,16644.21801,10814.78802,779.29217,2222.89903,12353.34584,9503.90032,4132.98393,3317.40961,8165.99529,7141.22429,1042.93926,5745.34402,4898.93901,8986.32234,6143.49209,4066.39401,7550.5571,1343.73055,2660.43782,2788.84392,977.63614,6211.39413,1960.02482,12465.92113,11402.77555,1576.11132,13442.35444,4931.37133,4683.61693,13130.4208,680.31771,6632.50947,1145.64099,8707.97245,30578.18426,2680.53988,515.97296,9946.84861,9257.15219,2990.02232,6087.23942,1529.02864
2013-02-01,6724.17875,529.70697,5036.0213,3703.58415,19212.52513,4093.80656,2560.13098,1014.01277,15478.34609,10006.17882,689.50747,1810.56031,11454.43607,8668.68811,3772.02819,2948.41061,7434.49693,6462.25835,926.78942,5169.5543,4577.24029,8160.81818,5544.97535,3710.68982,6755.50671,1227.84113,2397.86387,2350.25499,986.31869,5835.32837,1739.84723,12149.42467,10327.96388,1444.91312,12301.98264,4338.60948,3940.3303,12871.78526,590.52637,6092.74057,1057.14574,8006.51496,26228.29592,2332.06224,470.65778,9280.78584,8523.35495,2798.49925,5501.52235,1394.57129
2013-03-01,6957.05391,540.50979,5124.99318,3698.68615,19826.85673,4214.03594,2383.80558,851.82796,16025.93269,10411.06994,757.17454,1780.36411,11604.41616,9084.15324,3849.11817,3093.3687,7818.56824,6314.69317,960.0165,5167.74513,4574.55833,8495.44398,5740.57158,3747.78655,7028.44558,1151.78709,2435.84167,2523.2534,863.8648,5914.66117,1757.78065,11696.08224,10803.8482,1402.3161,13135.20956,4534.12381,3992.47087,12542.35882,651.22626,6400.19387,1039.14953,7975.42465,26795.88479,2284.49309,471.75077,9505.68736,8159.61944,3000.27107,5690.31728,1469.87885
2013-04-01,6479.16646,515.38197,5314.46469,3486.06276,19388.69189,4058.09495,2340.50527,841.21929,16846.85105,9408.31544,767.26005,1719.2021,10794.88487,7888.92857,3564.17609,2820.36805,6994.96463,6224.63046,904.30953,4321.89544,4135.26431,7823.22821,5288.32212,3569.02307,6112.36955,1118.60615,2282.41126,2473.43624,857.78086,5120.60944,1735.36559,11271.23331,9391.26379,1283.86229,11262.86057,4260.88725,3688.52006,11332.48746,553.74357,5767.02398,977.57655,7583.97655,27170.77194,2217.169,430.09273,7878.68397,7690.27333,2281.86835,5349.32396,1403.39231
2013-05-01,6873.14982,495.83661,6424.52212,3346.67071,21327.50374,4223.28753,2138.69009,873.26711,18025.6336,10094.74075,806.55616,2014.68546,10976.73369,8352.59923,3684.17103,3043.79636,6934.68058,6406.30899,903.17712,4684.40874,4102.82997,8263.45882,5257.12051,3647.62262,6266.60445,1051.25458,2346.48712,2898.98927,824.54168,5718.52641,1853.56917,11025.36821,9816.76017,1186.46022,12075.89732,4584.16193,3641.61251,10939.739,586.57308,6021.74602,897.21215,7167.94364,29266.79651,2370.35337,425.87799,8261.60963,7201.76685,2389.10502,5417.369,1372.07394
2013-06-01,7848.79871,468.59587,7753.134,3872.08868,21981.27767,4624.77708,2436.41537,951.68072,20597.42871,11727.03841,780.31144,2291.67736,11688.13468,8698.24007,3750.01336,3577.51554,7115.47331,7732.63113,1078.98561,5372.32492,4562.44072,8612.72411,5490.63068,4255.05922,7018.08205,1059.44867,2470.43219,3618.49945,879.87792,6714.1732,2133.06397,12355.07107,11229.20052,1099.66981,12562.80501,5469.81733,3573.21045,11860.76286,667.8913,6932.95063,896.12056,8084.69087,34634.79578,2670.23784,447.03432,9358.56801,6675.43488,2530.8761,5606.62739,1368.12742
2013-07-01,8260.49919,480.33707,8548.32807,4524.01751,25635.01529,5073.37424,3086.00364,1150.76291,21441.97352,12579.73835,836.7212,2623.38061,13506.80719,9493.01974,4155.61557,3998.89427,7464.9879,8263.73388,1066.70608,6259.4159,5684.13398,9776.71743,6297.56992,4701.14128,7846.80314,1176.10047,3061.92644,4118.49931,1044.74234,8455.97466,2219.02726,14662.83801,12609.5902,1257.07484,13919.17491,5938.3384,4048.46867,13678.9036,902.04931,7703.23225,1039.65994,8982.71006,37888.72578,2941.90028,507.07428,10698.24785,7412.7706,2665.89305,6385.63797,1455.4224
2013-08-01,8450.25927,503.0162,8298.92703,4581.19435,25147.41773,5093.16114,2832.04583,1040.93009,22420.96627,12871.42505,846.69414,2371.67079,13339.39355,9608.14777,4307.1933,3945.57701,7582.42139,8344.418,1013.18629,5608.85536,4997.79945,9341.35259,6264.83478,4768.42692,7835.62415,1264.58059,2968.90711,3657.69992,1033.41075,7287.42654,2218.19213,14286.78888,12189.78355,1234.67213,13431.31444,6176.26275,3956.49225,12752.68874,668.43419,7588.82828,1056.21246,9019.07732,39328.02823,3069.81268,488.36973,9902.00828,7311.59464,2512.15033,6291.01244,1365.45612
2013-09-01,7796.40186,487.79956,7185.34753,4421.95903,24297.23707,4592.97262,2505.32002,920.17072,21101.63604,11661.47964,808.00996,1826.72149,11673.13968,8553.94126,3740.12984,3617.90422,6609.18774,8322.99365,913.70592,4821.49449,4690.43432,8267.27071,5649.34302,4632.47779,7047.36013,1061.13881,2612.67107,3129.88683,970.04199,6047.59262,1980.53861,13130.50647,11167.95684,1172.39844,11976.60009,5416.92257,3606.8558,11781.47805,625.41663,6914.35261,1018.16338,8818.44983,36987.50978,2552.2723,436.65436,8720.27058,7001.03291,2349.90271,5627.06713,1346.16431
2013-10-01,6983.45922,504.66318,5509.7937,3843.90449,22151.80762,4215.14997,2136.39545,823.18039,19338.70487,10243.28928,837.2497,1714.25736,11003.07545,8176.08793,3673.75767,3082.23746,5967.09063,7300.04498,1008.02636,4489.65247,4179.42751,8212.65615,5351.4011,4092.16241,6153.68685,1102.01424,2331.93261,2506.09026,820.1463,5672.61539,1793.24383,11443.80718,9825.95527,1224.70538,11626.27652,4519.86383,3818.57322,11160.15907,601.49328,6177.91213,930.41823,7385.3663,31956.04451,2321.06336,433.63723,8359.93168,7208.4702,2406.7876,5517.03611,1378.10011
2013-11-01,6744.05591,526.26297,5034.06271,3367.28006,18993.75588,4165.87116,2165.82605,842.79138,16772.59487,9888.6492,784.37729,1719.28582,10953.97129,8139.95908,3851.5853,3002.35852,5982.05427,6364.87194,959.92438,4684.39296,4195.739,8134.22068,5476.12012,3600.04489,6234.21754,1167.78964,2393.68254,2404.18746,829.46709,5618.12032,1756.43145,11002.21588,9911.90436,1458.54465,11576.481,4458.87201,3912.26747,11263.91061,596.84102,6040.51554,984.67195,6973.41843,27074.17039,2344.23187,455.01441,8776.06709,7491.16739,2650.33828,5496.91389,1455.50702
2013-12-01,7421.22556,602.36499,5570.10086,3876.67567,21343.08239,4560.13465,2603.89821,948.61932,17225.22827,10790.75711,810.00989,2113.35157,12456.54955,9319.72365,4224.44349,3399.55673,6693.92108,6930.12317,1077.28052,5574.39428,4666.26713,8964.09181,6139.72171,3991.1614,7557.69978,1320.88207,2738.0113,2741.57397,955.44744,6045.97676,1917.94131,12405.86998,11102.9027,1692.23869,12996.06152,5299.94132,4778.5595,12939.06872,656.60928,6330.08866,1167.82751,8238.46794,30908.04614,2689.89811,505.57544,9823.11812,8950.08561,2824.13593,6153.97604,1515.79159
2014-01-01,8563.47246,601.22718,5549.41889,4254.63962,21034.00821,4522.39406,2785.95982,1071.15343,17763.95226,12826.59799,765.05319,2064.37369,13272.31107,10151.40574,4396.36082,3600.38342,7762.81997,7870.59962,1120.63866,6278.41079,5018.43666,9327.522,6352.76742,4395.37343,8224.669,1371.76471,2807.1412,2639.50669,1029.49369,6578.78234,1935.26034,13016.99908,12873.07677,1790.01022,14552.91437,5341.88242,4529.65054,14385.58467,703.48217,7643.65525,1229.74252,9549.17617,33491.40461,2574.18527,537.68798,11326.84624,9215.37054,3524.42687,6442.93069,1568.44075
2014-02-01,7322.17446,531.57257,4775.09946,4107.54504,18727.999,4068.5163,2635.43642,994.18095,17015.85623,10819.44551,724.36415,1768.62154,12026.58071,9244.67039,4089.25437,3262.51677,6941.22889,7670.18597,972.86425,5289.85296,4729.54454,8364.67052,5750.71109,4347.91624,7513.4489,1246.25208,2545.60465,2305.11285,1017.98815,5925.42971,1740.2904,12699.45635,11006.44704,1669.93401,12948.55352,4882.37106,4183.69532,13346.60282,596.4398,6513.43275,1140.1517,9451.35272,30082.50021,2235.08437,473.57482,9554.44684,8636.5036,2879.0492,5803.76466,1482.01374
2014-03-01,7073.89548,551.97612,5083.18808,3787.50857,18994.25775,4236.38457,2472.28432,981.93591,16431.37771,10381.63763,756.22802,1714.21869,11887.27332,9100.91653,3917.02674,3165.65361,6603.25782,6728.78723,1046.22162,5376.79575,4656.91033,8832.70775,5906.54437,3831.53112,6885.14189,1242.52646,2498.78561,2420.54444,909.3029,6217.55474,1739.12325,12154.72548,10972.25911,1610.61847,12906.19179,4799.88892,3924.95707,13098.49975,674.395,6534.74951,1094.91981,8080.02322,29007.54416,2318.32183,486.17496,9675.50649,8423.10399,2955.09409,5892.30691,1422.00006
2014-04-01,6388.39677,493.14285,5306.98304,3342.74329,19847.00878,4047.6894,2227.61257,853.33262,16723.65889,9536.74277,743.32971,1702.59236,10210.8658,7856.04074,3638.65675,2805.11617,5643.99297,6486.64356,941.86035,4413.56797,4105.68304,7799.97263,5256.94091,3533.15044,5785.47593,1144.04596,2225.07442,2464.84734,864.42303,5358.55758,1731.16857,11217.07083,9285.05196,1469.37725,10887.33928,4305.01227,3673.9344,11356.80894,568.17443,5733.60063,983.39159,7250.22745,27846.93409,2279.81828,425.15025,7753.93608,7512.5576,2345.0494,5330.88752,1333.56937
2014-05-01,7040.45563,470.94323,6389.12127,3258.89459,20712.60859,4246.86874,2182.97413,824.46411,18744.32993,10590.89019,794.85896,1906.26744,10983.53919,8287.57338,3730.39045,3176.26036,6076.47071,6778.65607,915.3898,4611.39693,4051.63181,8238.55457,5284.23055,3640.97295,6322.41559,1069.28148,2326.4984,2967.46121,816.04373,5345.17492,1863.49646,11156.84592,10286.59206,1377.65603,11616.87186,4837.78211,3606.32579,11002.50885,573.64533,6440.91068,910.02505,7234.01996,30309.12002,2392.04187,418.46169,8402.49048,7066.61839,2439.1864,5383.53737,1427.09632
2014-06-01,7907.46159,462.41728,7738.94193,3861.54514,22629.65735,4429.29051,2294.33634,944.38106,20309.58563,12022.40276,772.58119,2289.84548,12223.6124,9110.92624,3921.374,3647.68651,6682.10082,7821.67629,926.39388,5330.85519,4361.26178,8950.1826,5574.07251,4151.53933,7214.61733,1060.98976,2472.29578,3545.39408,833.54458,6563.9107,2082.15337,12044.83303,11605.32154,1266.31682,12880.22591,5525.52322,3595.55063,11599.58619,632.89667,7284.27519,933.66117,8404.69764,34707.24656,2618.94661,440.10958,9537.10693,6970.47154,2577.2552,5757.44649,1293.13341
2014-07-01,8442.19332,475.16565,8709.91612,4376.91432,25635.58041,5114.13873,2754.11027,1090.80401,22198.92947,13020.59505,833.2788,2541.17272,12660.73749,9290.61458,4047.82549,3975.90213,6916.83874,8538.90043,1063.79043,5804.92906,5131.74877,9086.28393,5965.70671,4630.91012,7630.06437,1142.48949,2881.88369,4042.17183,975.77949,7809.62536,2266.13646,13870.93833,12422.60648,1402.56074,13155.71181,5829.42822,4164.72302,12808.97023,780.00094,7735.57,1009.6561,9129.16199,37815.77132,3081.89206,487.44434,10226.55216,7282.83036,2636.21232,6016.60544,1502.23152
2014-08-01,8614.98509,484.64498,8201.59058,4547.15017,25279.32014,4959.15672,2643.90172,1000.77403,23331.25182,13213.69466,851.39732,2152.99493,13288.04609,9451.86046,4187.00435,4085.25972,6994.50437,8748.48244,1049.21785,5409.93832,4839.41512,9375.81306,6213.12128,4680.82496,7972.56064,1189.15549,2852.28197,3643.85624,976.00248,7020.67648,2206.34728,13418.54288,12350.10834,1384.27536,13375.40324,6323.72371,4050.26321,12486.85644,592.26942,7780.36955,1056.17362,9096.5315,38763.07946,2781.56117,470.22434,9797.99474,7315.52128,2675.37016,6302.85906,1402.53101
2014-09-01,8087.94712,484.49879,7548.93306,4483.48046,25534.89975,4598.11746,2505.92628,930.82375,21447.81488,12054.48755,834.09357,1781.88567,11169.09973,8692.34867,3691.14742,3560.92032,6406.67515,8507.10442,961.15116,4818.06028,4659.49782,8301.3325,5460.03375,4697.07882,6745.52493,1101.8077,2409.73619,3395.76031,936.65644,6098.51971,2021.83571,13047.54523,11286.1978,1351.31372,11976.96988,5292.18508,3686.27813,11759.70772,654.52125,7070.582,955.92986,9050.17829,37723.70164,2591.23266,454.39935,8906.08687,6965.18818,2423.56077,5528.49102,1336.78157
2014-10-01,6967.66486,504.28877,6212.66394,3762.9029,24204.13895,4308.85483,2108.25316,852.22442,19033.74854,10424.04202,858.40764,1646.11666,10611.08699,8182.50249,3677.06092,2991.72229,5903.78906,7566.76337,980.09572,4306.52847,4206.37987,8086.98361,5357.66242,4048.15586,5924.37829,1083.51384,2249.88503,2702.28432,830.59183,5587.3561,1827.00847,11403.05593,9796.69616,1467.13686,11598.06358,4787.47189,3622.9946,11014.65896,604.72128,6139.46675,928.48025,7463.39446,32563.728,2324.1676,431.66219,8185.20273,7109.27418,2485.37402,5470.69118,1403.86141
2014-11-01,6759.14673,529.62706,5181.37623,3500.61083,18667.42027,4309.0472,2221.73406,857.9329,16276.35118,10219.40507,775.98098,1757.30727,11335.92621,8450.04205,3818.76361,3017.57825,6217.52979,6906.84051,987.61764,4769.57266,4226.19279,8228.51532,5490.53655,3656.3553,6463.88715,1135.4128,2344.93284,2339.02754,820.36668,5442.62722,1787.43735,11245.69122,10021.74514,1635.20445,11915.99505,4671.95767,3931.62372,11146.17176,627.47091,6159.78191,991.06839,7327.99176,27776.3939,2338.19117,447.84678,8939.42722,7079.94503,2803.29063,5574.33111,1430.77816
2014-12-01,7325.93351,575.30753,5600.45238,3796.36607,21317.88684,4556.06252,2521.93092,936.4698,16801.25446,10679.99079,765.87848,1907.88757,11871.20802,9123.6028,4086.98806,3272.60645,6689.7157,7003.6761,1037.41964,5273.96063,4482.58946,8721.55953,6107.03947,3794.8224,7196.2129,1315.15224,2608.04825,2609.63917,933.888,5917.86314,1914.96434,12096.20871,11226.67356,1815.32806,12865.47274,4976.14747,4364.95658,12681.74166,635.08683,6583.37077,1121.52596,8182.47483,29582.39603,2507.57613,497.12472,9792.78421,8563.3923,2952.23695,5990.90355,1531.6377
2015-01-01,8009.64078,581.79087,5716.21725,4081.71925,20436.66481,4595.90172,2676.48476,1141.74052,17494.18929,12027.01334,735.24961,1961.13724,12511.98677,9759.97202,4321.52204,3438.32021,7190.16751,7672.25302,1080.00312,6089.86814,4888.49346,9114.20755,6190.61597,4156.87279,7635.59635,1388.84091,2664.61478,2802.88204,993.8229,6638.07332,1944.93996,12763.53231,12229.74142,1817.2666,13951.12882,5314.78543,4357.20213,13666.83093,676.92052,7225.01795,1178.71796,9095.35424,32573.79597,2554.93943,527.63278,10840.81005,8775.79234,3388.0767,6185.41825,1586.07489
2015-02-01,7434.52386,548.10099,4716.84431,3854.60545,18225.2253,4089.68203,2681.91223,1049.8768,16135.02056,11303.18599,693.94084,1677.1437,11732.62699,9038.26264,3984.75664,3187.98499,7010.60812,7312.29381,1015.17647,5938.06021,4798.45749,8550.23478,5600.23657,3870.75319,7308.22732,1224.51076,2423.91983,2300.60438,973.62424,6058.96917,1701.59735,12568.88462,11827.31946,1673.1622,13318.43622,4803.91531,3721.5562,13550.08685,646.40712,6834.00063,1083.52366,9005.2042,28980.37202,2215.61328,483.02882,10659.19043,7682.90215,3252.20799,5660.74175,1405.03781
2015-03-01,7010.49851,536.69668,5348.46563,3970.71984,19904.83465,4272.08828,2553.94911,1003.41874,17917.65663,10493.10959,738.99684,1675.21144,11741.33509,9076.88717,3890.70785,3031.81347,6586.49513,7027.17809,951.01431,5312.99636,4636.70833,8550.30519,5722.84559,3952.23972,6732.92899,1149.60887,2335.60069,2576.87047,956.93619,6097.50066,1774.46415,12485.81984,10763.98152,1602.27291,12749.25759,4697.4017,3908.91278,13443.39072,630.71283,6372.61676,1024.41738,8806.82356,30352.38188,2294.41086,482.99923,9434.95236,7919.46851,2824.24076,5682.68759,1430.61612
2015-04-01,6358.56122,497.61053,5329.679,3236.28585,20019.54761,4025.87374,2303.63716,832.6974,18292.15333,9566.49325,751.83587,1789.69415,9929.05352,7602.88209,3509.81525,2737.5298,5649.24973,6481.99239,987.46346,4251.80712,4149.417,7735.06643,5166.78027,3458.13231,5596.50039,1118.748,2132.36705,2469.60823,862.95925,5173.22436,1714.72368,11290.96593,9174.68787,1423.36933,10923.45435,4310.64891,3712.1782,11099.61343,543.69876,5654.16296,925.25577,7250.42261,27952.9756,2234.52506,427.02241,7651.42191,7467.50655,2283.30353,5209.07491,1367.08269
2015-05-01,7009.6097,472.21436,5905.54668,3309.23546,19441.5892,4170.91371,2040.4573,829.55524,19508.20995,10704.46932,756.76894,1805.25465,10746.18528,8326.22891,3650.56245,2973.79401,6077.36226,6925.54515,853.44593,4856.57671,4072.92956,8304.09601,5062.56775,3562.95273,6009.36941,1060.67207,2159.20882,2819.72315,800.36899,6012.13651,1768.04535,10645.29442,10279.99651,1337.25884,11860.87691,4599.37269,3612.7594,10927.44032,573.52974,6445.70089,871.06366,7268.12451,29248.2363,2287.61467,423.90808,8833.36038,6676.77463,2594.67313,5342.56919,1363.56277
2015-06-01,8081.85578,457.99089,7780.86513,3901.36578,22091.3992,4536.34999,2375.31549,957.79698,21677.95284,12374.87373,771.92126,2324.5196,11745.52489,8856.36064,3947.94133,3729.33264,6584.83086,8003.73455,947.19219,5155.15965,4410.7816,8562.49362,5361.47731,4195.94309,7111.57896,1152.06185,2450.61881,3600.69774,907.98039,6642.72957,2024.72579,12627.90342,12212.18307,1337.92387,12698.64471,5766.29204,3965.57405,11891.41698,641.23887,7575.34432,948.05064,8447.89861,34721.3281,2741.74061,432.35432,9946.92076,7041.63183,2659.44072,5612.848,1375.88211
2015-07-01,8902.9838,474.12719,8518.54018,4659.50087,25191.35795,5018.6229,2756.02111,1099.35961,23252.29818,13997.76453,858.67641,2419.38602,13313.96627,9657.72958,4297.71774,4099.63485,7059.4206,8938.18084,1018.22875,5973.3401,5034.31256,9183.8276,6099.13463,4885.82159,8118.31938,1237.93881,2999.94585,3890.84311,946.83971,7880.56389,2211.22302,13788.48257,13399.96608,1464.81406,13728.51112,6361.33464,4197.38854,13101.93428,747.32546,8253.84936,1073.0556,9678.56874,40173.89391,2914.93955,483.34801,10626.78059,7446.64777,2706.9151,6328.57306,1341.99111
2015-08-01,8749.29027,490.50291,8891.9613,4858.08978,24552.18144,5252.29959,2828.45559,1078.04422,23350.94918,13721.67748,896.37577,2261.50069,13106.25499,9524.58827,4262.12474,4031.31625,6893.966,9480.92367,1068.39881,5743.7233,5208.5279,9418.91841,5915.43896,5047.7392,7857.04117,1211.68707,2832.84253,3981.3246,1033.43429,7770.47234,2252.89819,14437.35468,12724.41406,1492.46499,13524.82732,6165.19265,4123.03764,13006.94845,779.82216,8036.51685,1085.10671,9831.07422,40722.08928,2974.73599,494.64564,10289.85063,7265.07165,2744.39876,6282.30779,1406.46331
2015-09-01,7661.55163,482.17441,7619.20303,4254.26,25544.6546,4773.09527,2702.93428,958.4432,22080.72837,11781.09973,865.894,1833.35816,11973.86996,8757.70538,3941.57937,3686.73173,6352.48332,8674.5163,1045.25645,4932.73037,4865.88415,8741.54088,5501.67271,4525.8492,6979.87774,1102.36042,2537.93858,3470.04787,997.0971,6704.31301,2088.36174,13935.42502,11485.14608,1329.83859,12433.77789,5661.81379,3593.76704,12457.15227,648.32731,6930.2541,979.42553,8777.42942,37592.92045,2544.84761,459.14402,9057.77,6909.9466,2469.24224,5917.20639,1356.87493
2015-10-01,6705.36285,503.62391,6346.74842,3695.279,24329.32375,4462.13856,2174.69514,876.97274,19598.74762,10254.47963,831.41584,1617.84969,10372.54408,7946.2949,3650.84337,2972.6418,5592.19188,7456.72483,1023.47866,4315.87868,4235.61153,7944.92594,5188.05073,3952.41724,5852.07282,1073.5046,2230.05876,2911.68912,856.03067,5505.58561,1897.00242,11683.7128,9767.67436,1414.42211,11238.16664,4554.56798,3678.48635,11012.90306,588.80403,6081.42681,919.68802,7312.40902,33579.86552,2419.05024,430.42006,8179.79727,6898.58846,2408.67617,5355.53713,1384.19682
2015-11-01,6274.53251,526.41759,5221.55748,3211.76438,19884.18538,4308.19251,2071.61128,850.35754,18456.1901,9594.72728,817.45516,1717.99335,10323.98153,7612.42423,3663.00003,2857.31021,5322.84161,6801.24781,840.80267,4528.18041,4011.86257,7860.96358,5107.21286,3493.92785,5799.38201,1163.46137,2216.10315,2464.45,809.76277,5321.84861,1798.65244,10901.38046,9253.94067,1533.52316,10997.7641,4356.42322,3986.21143,10544.10173,567.07817,5879.67486,937.32487,6796.27347,27225.48614,2417.19628,425.9434,7813.44007,7376.31735,2373.80292,5355.21394,1412.42058
2015-12-01,6647.1321,587.95367,5953.78755,3432.32835,21549.47309,4610.88769,2310.68157,819.94201,17835.30194,10059.32111,792.82147,1975.7653,11122.64064,8355.18214,4026.72205,3102.71707,5719.01295,6901.89857,1057.70717,4683.39795,4308.10186,8513.34099,5663.20054,3588.88012,6503.18647,1323.51628,2511.85407,2730.94928,860.29253,5684.20596,1916.91892,11784.89899,10728.4719,1702.63133,11788.3783,4744.63665,4406.90023,11642.20895,620.85303,6039.68051,1076.34921,7362.52535,29214.00883,2592.73642,450.66224,8674.75054,8655.43815,2598.04798,5766.75392,1494.55887
2016-01-01,7688.45908,577.08262,5917.52937,3898.51201,20116.80006,4654.87795,2552.68299,993.88996,17533.27434,11821.92041,761.70208,1991.02452,12101.1994,9208.19359,4275.22299,3449.51835,6740.71248,7510.96365,1000.23783,5703.88668,4661.84086,8875.97907,5966.21365,3995.96173,7173.94931,1367.42189,2632.91959,2756.87444,941.4205,6146.87354,1942.66282,12293.26633,11979.03957,1832.01769,13265.5797,5181.83367,4476.22862,13114.85393,654.13629,6966.54719,1147.09929,8450.53742,32141.2622,2582.12553,506.80687,10731.75654,8707.91706,3288.14558,6104.04426,1530.79357
2016-02-01,6968.01711,534.7513,5199.27303,3745.09588,18596.84251,4196.04361,2374.06217,955.7606,16440.85905,10850.77444,715.625,1732.62152,11098.34155,8829.37875,3933.2001,3062.16031,6323.25522,7122.61855,947.55389,5279.32962,4331.43314,8091.57962,5451.36526,3896.4624,6568.86696,1233.49979,2413.4385,2480.82784,931.86108,5799.32678,1770.13808,11835.04081,11046.78485,1645.01864,12307.8136,4432.33212,3905.27775,12719.5119,572.0752,6460.12585,1057.05317,8746.10571,29074.79316,2347.24293,478.56809,9600.38881,7832.59049,2887.5552,5587.56737,1400.71
2016-03-01,6436.84691,526.8198,5326.92745,3423.37146,20224.89424,4287.64657,2301.29219,862.36731,17044.75439,10096.47621,742.83462,1665.67655,10771.41848,8267.11663,3899.30958,2847.08201,5747.87663,6633.10141,1002.98872,4797.06089,4296.43503,8301.89426,5376.70223,3586.93075,5786.3256,1142.47413,2268.13405,2514.45719,924.04815,5591.6637,1730.86882,11628.6731,10035.33644,1566.99182,11773.23628,4398.60369,3968.8981,11738.47645,592.50669,5706.14005,984.21592,7688.28939,28087.57719,2246.16201,452.53053,8406.29312,7726.92391,2550.79729,5544.9816,1368.74391
2016-04-01,6194.28071,480.16147,5400.31385,3220.02729,19147.80093,4012.89112,2180.41503,769.35063,17144.99196,9592.42989,751.06227,1604.15432,10127.0444,7496.91206,3583.7584,2800.79512,5397.02322,6647.53179,901.13217,4161.3183,3933.89043,7842.92096,4884.16732,3416.67317,5231.83911,1108.21993,2107.61122,2504.20724,849.35483,5093.99108,1696.99893,10728.08959,9153.79186,1432.28187,10920.91248,4222.60356,3508.24226,10612.67773,554.29565,5538.65937,898.76668,7023.30057,27839.8495,2204.18517,416.55928,7785.32864,6780.29695,2359.5864,5201.76025,1297.82272
2016-05-01,6904.39354,468.77657,6259.73033,3290.52282,19390.174,4246.15374,2019.62906,835.84433,19508.97307,10632.93481,782.53617,1773.96106,10579.39767,7889.58893,3673.40424,3064.35898,5561.83341,6903.36323,883.82199,4408.67707,3916.01029,8249.31916,5063.07731,3693.88131,5611.89096,1054.96415,2182.44769,2779.19957,780.3019,5731.53744,1788.88235,10769.98728,9884.49401,1363.98616,11475.03029,4661.70846,3621.87467,10589.62001,557.8704,6220.74007,879.01576,7210.09648,30204.87304,2295.62047,421.76416,8151.65232,6657.53413,2390.96748,5318.98207,1259.52086
2016-06-01,8013.83925,462.12759,8223.259,3862.87434,22358.25372,4783.42578,2446.16189,944.08729,22113.03289,12597.88977,774.27244,2309.55889,12540.03222,8893.27799,4209.32429,3959.78644,6360.63863,8126.70261,899.29505,5139.42221,4379.6483,9096.76485,5586.47132,4249.22445,7214.10577,1134.38288,2752.96958,3733.90214,868.38409,6531.09865,2070.87163,12297.74975,12054.25991,1384.43653,12708.28128,5865.95699,3825.96932,11809.02132,621.75104,7191.24276,995.7552,8567.12153,35736.36463,2774.14921,436.36841,9337.94526,6814.49932,2502.59005,5951.37724,1327.57712
2016-07-01,8823.54098,473.04622,9119.63558,4826.16325,23899.79588,5406.92126,2736.03636,1120.21161,24776.31003,14330.57934,834.87044,2458.94803,14122.33678,9847.6034,4375.15372,4287.71763,7031.5892,9094.65477,939.82097,6241.84558,5077.1692,10155.68259,6192.24948,4968.49414,7997.75156,1182.95417,3067.54946,4150.06098,989.97601,8259.71038,2317.23528,14427.0509,13792.08238,1506.00128,14496.11551,6555.43235,3951.82579,13365.74775,792.82436,8344.43774,1078.63383,9992.2512,40978.23638,3074.74102,492.02792,11206.16184,7091.07826,2794.61254,6610.28735,1385.93542
2016-08-01,8865.50135,494.17691,8522.70721,4741.33775,27016.02584,5258.29994,3044.42267,1196.49528,24223.90518,14294.55748,873.92412,2382.86591,14495.18024,10302.74212,4560.89813,4251.26109,7347.44755,9027.32408,1086.40344,6378.31855,5537.65691,10551.68998,6272.84037,5007.63726,8012.38994,1220.89331,3041.58811,4039.78519,1070.9203,8451.77912,2234.23987,15262.5461,13778.40698,1524.17124,15158.34557,6337.7026,4205.74682,14081.93145,804.87012,8240.74512,1137.59733,10360.77565,42140.0938,2962.47027,502.21367,11265.92421,7356.93728,2955.9928,6772.49047,1390.23839
2016-09-01,8102.65939,470.27145,7089.43007,4348.99527,24190.1914,4668.65903,2695.88611,1009.3193,22543.99122,12842.32131,825.37255,1767.17158,12196.9464,8782.22899,3930.72345,3683.17184,6539.5996,8675.28341,1010.6198,5207.02893,4837.84358,8705.77162,5402.25632,4717.23847,6941.0763,1097.68784,2520.34552,3207.90647,1005.16857,6745.61095,2000.13714,14050.41028,12129.03526,1390.34165,12955.55511,5543.02227,3526.90573,12913.74928,643.49056,6965.33981,963.17092,9674.07259,38567.58604,2473.27782,453.5402,9429.08811,6693.47415,2581.30302,5735.87902,1310.8698
2016-10-01,6870.84835,506.26737,6369.00656,3819.34525,21407.81419,4341.97055,2094.29364,848.66448,19874.80914,10677.6542,835.87695,1630.99408,10672.98536,7769.85599,3774.98424,3105.59425,5689.68061,7930.46154,886.40637,4320.57167,4143.74801,8026.41701,5226.10873,4169.92121,5790.78997,1087.99566,2274.39364,2808.87398,848.47017,5664.52536,1824.23315,11481.03245,9704.61424,1492.82418,11353.2,4830.8789,3746.80781,11053.71649,566.26546,5921.66057,916.16446,7982.05365,34223.24998,2331.17958,429.38823,8241.52607,6987.11099,2354.56297,5482.73549,1413.0283
2016-11-01,6315.0103,534.24663,5273.34591,3402.84505,19741.32936,4223.86225,2079.39055,810.30474,17010.14475,9679.36552,758.93867,1631.05974,10159.54324,7615.52214,3804.2505,2956.02544,5480.81787,7007.14562,856.26841,4392.32573,3971.09065,7836.68508,5138.48662,3596.04508,5465.43118,1132.51699,2248.11951,2391.6166,806.05591,5329.80713,1761.89082,11070.29516,9636.76507,1546.86697,11191.72673,4349.54192,3778.3032,10744.83606,559.67107,5825.99931,937.8582,7153.46272,29054.82836,2272.31965,429.68044,8227.09511,7154.36006,2479.55812,5335.572,1342.99263
2016-12-01,7041.74402,595.4741,5536.66966,3609.34764,20756.71284,4721.28521,2406.81435,912.14249,17506.776,10695.33561,788.37368,2114.9248,12185.98325,8802.4004,4410.96337,3342.70254,6333.10058,6773.50837,1034.40236,5324.12579,4389.1216,8733.10882,5986.55337,3751.69404,6823.6393,1337.5903,2689.83718,2776.91837,888.99451,6013.44687,1901.38813,11958.89625,11209.70845,1835.24998,12991.99951,5136.93748,4833.26994,12583.54062,604.51316,6195.91215,1134.19927,7910.37211,30613.09452,2616.06036,497.0022,9897.50499,9082.59339,2930.47455,6090.66087,1526.63729
2017-01-01,7200.31745,606.48769,5639.50806,3973.74267,20697.11019,4627.10378,2544.14648,983.8308,17204.72196,11019.91797,742.14382,2229.10407,12089.07291,8821.84391,4384.46313,3390.59908,6470.7129,7463.46932,1068.1737,5360.14556,4539.76123,8830.29753,6123.48689,3974.69936,6997.73385,1507.94425,2703.43031,2707.72525,1014.3385,6122.92262,1870.38647,12419.55227,11220.51779,1954.8082,12994.00022,5015.09389,5026.14126,13251.69252,628.45449,6457.48889,1229.45772,8653.37979,32359.39506,2592.54571,494.60801,9904.73954,9528.26235,2921.91013,6104.46558,1585.5839
2017-02-01,6148.61528,552.56027,4836.31348,3476.25442,18102.53193,4062.86959,2249.81122,861.38176,15619.12498,9334.94811,672.97663,1764.23644,10310.94563,7510.27971,3818.55142,2827.55777,5549.14752,6541.0572,870.53862,4574.84577,4091.52822,7751.25174,5276.0637,3490.02205,5736.61708,1316.61024,2316.14338,2423.59015,870.0466,5458.69434,1679.26971,11706.03577,9375.7406,1724.45431,11224.70318,4150.64335,4189.47842,11830.84851,555.31909,5458.3297,1051.39743,7643.64062,27357.8051,2214.08061,444.23829,8556.72727,8205.03844,2420.83001,5377.04342,1395.88517
2017-03-01,6618.94861,555.55653,5401.53327,3462.02131,19674.73727,4356.69898,2269.41221,900.39375,16621.05255,10033.88628,769.46369,1745.48182,10873.02308,8156.44736,4035.96514,2970.2786,5837.14195,6576.56918,1021.99618,4930.94227,4436.88852,8358.96211,5633.8646,3530.65438,5846.81392,1211.62725,2347.92471,2577.71997,881.67511,5922.32048,1734.37478,11296.11781,10283.07461,1784.24618,12324.42806,4604.92005,4189.73968,12114.97462,620.69353,5938.24606,1028.98958,7443.76709,29211.96351,2313.2281,468.56414,9372.32784,8265.30482,2887.84842,5709.84507,1421.84767
2017-04-01,6503.17404,503.4197,5517.06969,3331.79846,18532.71506,4085.52125,2193.27841,812.97796,17811.62329,9947.76136,747.9732,1602.91476,9757.39013,7241.67647,3621.14238,2895.33054,5340.69879,6977.16877,870.14351,4134.34752,3895.82949,7584.75762,5048.44391,3533.05064,5370.98824,1129.497,2212.47403,2481.20078,866.79925,5101.19696,1700.19406,10844.04581,9228.57385,1565.59175,10714.80104,4309.94363,3823.91273,10897.90623,536.03197,5795.07383,903.57863,7235.49643,28246.79482,2297.01726,416.28394,7905.53946,7147.31999,2287.39709,5209.83788,1280.99584
2017-05-01,6980.78642,470.96587,6414.56585,3459.16557,20051.04226,4319.69136,2007.51237,817.73963,20282.76319,10704.35069,784.11369,1868.73243,10386.24527,7852.79369,3772.687,3143.5288,5789.36085,7241.62994,870.38314,4367.64531,3954.99029,8030.93314,5216.9784,3769.16072,5675.32182,1081.29045,2272.6666,2974.58532,784.03311,5535.71412,1816.15401,10564.92825,10508.11643,1511.02156,11466.0607,4711.23115,3848.27778,10609.01578,552.65118,6384.90546,908.18184,7479.92328,32461.6607,2386.54634,418.15015,8502.44116,6927.51785,2433.08297,5314.61728,1334.21887
2017-06-01,7554.98592,457.61245,8119.11412,4017.18429,23250.03827,4773.53149,2353.94314,939.69454,21350.34317,11966.06088,779.46051,2202.61217,12258.14366,8606.01915,4266.23891,3673.65708,6214.95879,8054.4394,927.26173,5270.82376,4437.87885,8953.75498,5659.93091,4166.1834,6822.79249,1114.94843,2703.6238,3815.70139,878.00146,6680.27195,2136.69677,12076.74653,11778.23386,1523.31876,12642.8815,5728.82603,3883.54355,11596.16438,644.60282,6964.78604,993.73683,8418.24038,37295.00337,2804.87302,432.92048,9679.68268,6874.07488,2527.12139,5963.39284,1355.6948
2017-07-01,8562.71345,476.90452,8867.29244,4485.16018,25465.17454,5420.74007,2718.50215,1119.85085,23688.95593,13559.31958,835.28763,2678.66234,13693.71827,9484.90229,4596.12464,4345.99962,7009.34556,8739.39379,945.59687,6117.77148,5124.20517,9762.64764,6211.78986,4713.91369,8141.86053,1271.91032,3201.68861,4382.55274,979.72862,7843.10074,2328.19574,14165.44994,13233.03721,1680.32878,13920.17523,6387.45192,4261.96891,13243.98992,728.50063,7966.21981,1131.31388,9552.20204,40813.37538,3155.01816,473.733,11044.49057,7299.36459,2780.62727,6447.13585,1443.12494
2017-08-01,8549.97382,485.32444,8651.80121,4672.97906,26750.18665,5247.78389,2662.94617,1061.53298,23954.09761,13486.77706,858.32824,2402.85052,12576.34223,9120.62468,4239.26715,3984.27133,6817.32457,8835.81379,950.3221,5473.93506,4971.0943,9223.98065,5808.01629,4792.40226,7184.68476,1275.63664,2810.33436,4027.16347,980.50702,7276.01829,2251.89511,13937.43107,13030.31152,1588.3454,13416.8975,5991.21149,4395.0042,12946.05848,718.12281,7845.79155,1055.74209,9748.07586,41577.2241,3045.49666,475.16261,10409.55506,7381.39996,2737.84697,6150.01466,1394.75106
2017-09-01,7379.41741,473.55095,7397.75331,4147.84408,24201.25166,4786.56113,2291.30116,1000.17275,21540.48292,11628.82841,822.05142,1847.27674,11887.43966,8226.81071,3955.73565,3610.91815,5964.57909,8430.00184,976.37936,4736.99163,4338.24476,8522.14593,5565.78169,4375.42654,6506.09059,1165.68669,2544.73082,3367.0539,887.39789,6307.34663,2029.47627,12671.10116,11074.09314,1507.2063,11941.62154,5313.45728,3804.72436,11578.16766,632.62341,6608.17946,973.54916,8472.4976,37161.32394,2575.28884,437.21579,8810.74848,6851.57468,2408.22605,5759.1367,1312.46793
2017-10-01,6944.66252,493.88845,6180.92618,3929.58641,21240.28375,4320.92679,2133.74628,845.16063,20302.02691,10862.31304,829.95938,1692.5336,10735.31274,7711.76757,3975.84436,3166.57423,5643.79119,7933.95962,929.24965,4348.2522,4019.92494,8100.29256,5202.47757,4040.82474,5804.25877,1121.20914,2272.79466,2705.76106,829.94794,5585.00231,1858.57128,11756.1617,10211.52931,1575.23022,11412.10898,4809.0368,3792.56507,11181.73241,549.33497,6435.50894,930.35732,7631.27516,34913.67603,2358.40399,426.82279,8444.77218,7051.87656,2546.70071,5507.83054,1363.19599
2017-11-01,6483.24745,536.43219,5116.11969,3459.24098,19418.38153,4193.39841,2183.97592,826.99463,17437.44324,9881.0366,755.12856,1719.55917,10641.39203,7727.26271,3934.07692,2978.90648,5624.88085,7068.29034,865.77756,4496.06214,4077.86147,7989.80142,5415.9016,3624.15269,5646.10203,1175.1937,2350.05909,2477.29366,844.09492,5311.37713,1725.05864,11403.30739,10079.95385,1766.7153,11583.68541,4411.176,4072.84925,11041.48115,566.26635,5842.55026,989.19916,7111.26945,29232.94396,2298.72425,434.04854,8615.04195,7567.30618,2652.07785,5484.47989,1386.59445
2017-12-01,7314.88765,573.09594,5504.26471,3670.97358,19884.4839,4635.35926,2526.95448,958.87273,17341.91326,11031.42004,727.31423,2039.82592,11987.28441,8505.53974,4321.90025,3300.16531,6372.44491,7344.14183,917.85158,5492.1223,4625.11379,8790.26767,5989.84454,3818.29654,6728.15493,1338.1019,2623.13664,2717.43831,970.69058,6238.97444,1879.31116,12151.55534,11398.13682,1959.15923,13002.46768,5059.1364,4755.61082,12698.86432,652.06976,6399.67702,1118.17139,7850.11728,31249.20805,2547.79809,501.91427,10283.66583,8849.13172,3105.35015,6051.30927,1503.70636
2018-01-01,8571.05263,573.57173,5461.68315,4485.75249,20455.0495,4646.72861,2708.29273,1087.84997,19031.87239,13042.16594,746.62162,1972.94639,12625.1081,9375.11114,4624.27633,3589.06699,7314.94238,8404.27749,1346.62457,6216.54593,4845.49717,9074.54738,6193.08413,4583.10557,7748.49543,1398.83428,2760.91474,2647.67796,1035.23319,6493.90553,1923.60939,13169.57586,13431.3397,1973.75566,14042.99297,5665.97475,4426.96586,14303.373,682.31687,7789.35425,1221.98713,9910.18492,37150.5344,2519.57152,528.10205,11724.03193,8721.26996,3432.1241,6275.45831,1531.78436
2018-02-01,6586.13724,550.13723,4865.99566,4005.06461,17968.25944,4212.70764,2188.12073,909.85491,16740.14099,10129.86439,679.84552,1756.36953,10975.7779,8211.36271,4148.88659,3111.38561,5950.43999,7263.61507,993.72448,4738.64968,4211.85547,8048.64789,5511.13927,3926.2055,6559.982,1323.37461,2515.09471,2446.58729,869.84293,5633.43434,1734.17781,11929.24774,10222.27581,1844.6635,11800.51252,4814.34043,4236.14568,12328.58231,560.24437,5803.364,1131.44186,8543.08282,30761.99935,2256.30534,449.02879,8837.22519,8002.14068,2641.01698,5583.17842,1392.85365
2018-03-01,6713.36877,535.54142,5267.59071,3650.1076,21509.26676,4445.07945,2264.18494,957.29834,16998.28686,10113.21559,735.12339,1793.56858,11025.2868,8382.57765,4144.59426,3060.46829,6091.51127,6562.50639,946.63334,5231.41119,4116.46873,8396.4597,5724.37939,3584.75381,6146.13369,1273.94391,2495.40844,2634.83354,889.2775,5824.25888,1789.54176,11592.35718,10461.51391,1795.71216,12428.55211,4535.30906,4185.51838,12285.40393,587.68815,5966.17933,1113.0535,7322.2855,29675.13733,2309.63835,458.0811,9666.18054,8130.28691,3066.8833,5725.11009,1439.57961
2018-04-01,6276.03058,478.62848,5705.91501,3449.07177,18388.98709,4139.0187,2087.63539,896.39577,17398.44175,9544.656,755.90479,1688.38024,10261.95038,7738.74781,3976.43241,2974.04824,5532.53987,6717.03499,971.06378,4334.21817,3924.57477,7877.7108,5230.12202,3475.88887,5756.78927,1197.74931,2280.16582,2601.99883,817.72784,5260.2489,1773.41706,11041.78947,9374.29384,1632.7696,11276.58809,4498.42824,3905.43203,11527.69958,562.66924,5687.73466,1007.87208,7333.78827,29018.88173,2264.63101,425.83768,8199.9074,7153.55775,2477.18417,5395.20033,1347.46637
2018-05-01,7274.54457,472.05229,6614.6449,3708.62272,19877.98039,4470.54581,2189.69972,874.60947,18844.0276,11102.69316,754.78183,1916.25476,11461.79751,8444.69954,3977.62388,3511.88382,6102.36078,7335.69483,908.37362,4684.42989,3912.13169,8559.79749,5469.33035,3788.74157,6483.94075,1101.42053,2427.84426,3092.23681,820.25984,5777.52382,1971.70791,10910.98306,11020.27943,1587.96299,12270.3632,5513.7602,3725.62913,11170.01169,556.6483,6635.09705,960.3314,7549.39202,33779.03742,2387.36624,415.05567,9324.5766,6955.53249,2648.73595,5678.37171,1343.14789
2018-06-01,8162.50338,447.19017,7859.38021,4433.56505,21098.82609,4985.71597,2261.93779,957.40604,21847.64037,12855.77627,781.81649,2218.61061,12894.78928,8903.49465,4485.05318,3958.13477,6401.61305,8676.30298,962.77427,5087.62665,4298.54492,9017.4003,5887.73922,4586.01831,7437.12022,1078.81683,2707.20522,3674.27939,878.68368,6606.7179,2216.4653,12083.09932,12452.30668,1551.48584,13024.12236,6074.74223,3835.81696,11663.62275,608.51044,7502.34108,1036.41197,9030.25004,40453.92448,2791.71959,422.30663,10116.26326,6823.08091,2657.07151,5984.53699,1340.4598
2018-07-01,8707.46856,466.20923,9086.48922,4967.55383,25342.87046,5550.18853,2980.47171,1152.74558,23731.58097,13751.25337,836.75082,2673.68855,13938.27356,9701.21473,4536.27278,4348.44872,7006.02637,9072.85244,992.0884,5963.82513,5153.08335,10229.7942,6300.67302,4948.04092,8090.63319,1216.68308,3050.48419,4424.51744,1053.48906,8031.2856,2384.77847,14471.65584,13472.88197,1645.20024,14262.25644,6580.71781,4410.23594,13531.7901,793.64394,8002.93433,1115.25774,9964.19534,42840.4194,3295.7061,502.62803,10881.10318,7405.44364,2865.69128,6723.9359,1458.87209
2018-08-01,8655.22967,468.88325,9054.33289,4849.8509,29874.59826,5500.23134,2982.75622,1167.21367,23698.63283,13638.30948,857.34693,2365.2806,14012.49628,9832.93419,4743.35058,4250.31875,7191.2103,9080.39919,1180.14598,6024.58434,5494.47516,10221.37096,6295.08928,4920.4109,7884.27934,1296.90572,2914.09179,4359.27002,1080.25725,8420.90871,2362.58933,14957.61138,13349.8974,1657.94928,14342.44134,6341.16484,4367.55962,13695.46509,822.62683,8074.04638,1129.39716,9806.65614,43866.29342,3171.01753,507.46674,10970.05022,7299.47561,2861.31426,6719.9833,1416.84092
2018-09-01,8165.12099,465.29913,7872.87727,4555.61377,20312.25885,4901.66794,2358.16643,1024.04521,23237.9173,13160.94378,810.2575,1862.97993,11904.77789,8758.66009,4077.31809,3631.96298,6491.23539,8879.01237,1020.81118,5161.60628,4706.31067,8680.02367,5487.79225,4745.16191,6846.98291,1160.89415,2477.18073,3540.45827,938.34799,6648.19692,2119.03388,14061.58994,12261.22925,1533.17022,12782.78894,5544.49564,3715.77366,13185.21805,642.72427,7445.12573,994.63338,9398.75156,39144.89727,2750.87502,453.31305,10099.1765,6580.21587,2579.74996,5782.61722,1315.39937
2018-10-01,7216.8753,469.97137,5801.70029,4046.95213,22414.81919,4469.04435,2182.42043,919.86024,21308.02613,11122.64242,851.1914,1661.48138,10823.034,8183.75515,3965.7363,3222.41715,6065.8518,8084.29967,1022.99723,4586.0076,4109.66683,8141.32956,5270.85889,4261.51888,6032.65192,1157.82622,2293.14362,2819.16713,855.99697,5827.4842,1920.9011,11966.84112,10570.49908,1667.05663,12209.19892,5026.66724,3868.50565,11271.23977,572.30451,6484.0345,968.64149,8216.67604,35634.42876,2481.92101,436.17773,9029.03787,7051.39809,2700.78162,5605.42625,1319.49667
2018-11-01,6765.90881,505.7915,5133.5834,3577.78029,18310.46184,4436.61662,2211.48435,878.13143,18204.13768,10345.12612,776.63154,1782.00527,10955.87207,8040.40792,4160.89307,3124.92695,5980.96946,6880.40086,1003.1803,4757.12504,4100.58091,8096.42858,5419.40175,3657.35323,6250.89939,1250.53007,2408.26865,2674.40782,852.5757,5440.9639,1858.66264,11310.72898,10467.14633,1825.44605,11883.4459,4841.83868,4046.56234,11168.52377,583.81468,5819.48001,1029.46551,7421.37387,30150.32157,2399.21052,443.67197,9235.23704,7456.46985,2691.80204,5574.88301,1419.20345
2018-12-01,7186.21551,539.19117,5622.10927,3872.77283,19670.89409,4692.93506,2418.75455,947.68936,17524.68614,11059.42746,750.88916,2061.94216,11775.64426,8621.41042,4370.21753,3253.91678,6481.93532,7229.67572,1006.40186,5300.4251,4411.83937,8525.98551,5918.77243,3912.86852,6817.92688,1381.86629,2609.68985,2864.82851,954.59204,6051.8333,1993.72634,12434.37111,11203.7406,1954.33382,12591.90421,5137.87685,4601.75876,12845.80097,610.14741,6431.44667,1148.44477,8414.54646,31942.75285,2614.44576,489.27858,10083.5583,8426.91923,3024.45784,5910.84746,1539.57382
2019-01-01,7620.00922,560.98656,5781.56747,4068.21566,21107.55995,4731.51771,2587.30618,1031.67897,17550.53901,11830.87573,755.02905,2039.59479,12357.59898,9110.36893,4624.25751,3425.71405,6808.74661,7680.69341,1191.11802,5796.25032,4688.81188,8965.8013,6133.9946,4055.12856,7251.73449,1415.265,2726.24086,2760.88896,998.47286,6342.18202,2055.68235,12550.15155,11994.65392,2093.94461,13446.6559,5525.5106,4693.12141,13673.94708,651.42075,6877.06798,1196.39066,8555.072,34165.01845,2590.29385,522.9265,11046.0988,9016.4782,3270.00359,6182.41211,1549.93859
2019-02-01,6487.73106,510.89413,5288.11633,3910.68729,17808.23003,4256.60206,2234.40425,939.33241,16527.12967,10065.34334,626.33403,1861.84998,11085.42435,8351.41765,4262.84251,3280.85694,6023.68945,7168.83263,961.25743,4994.96653,4203.37081,7948.77819,5509.06775,3707.34891,6674.05397,1417.7804,2561.56922,2562.39484,886.55206,5598.64811,1818.73195,12133.58962,10223.31465,1957.06207,11942.69791,4872.77602,4473.39076,12727.59258,561.76093,5805.64661,1192.8226,8304.07066,30997.09551,2373.69464,458.89392,9261.21446,8345.42538,2774.4042,5618.98231,1410.65421
2019-03-01,6686.66241,509.19394,5239.30571,3827.85859,19565.46263,4565.28627,2307.97728,939.63338,17346.90223,10335.56651,695.01646,1838.68825,11325.10907,8605.40751,4373.13249,3142.6124,6261.99065,6822.07037,1073.82281,5032.92958,4193.31059,8449.23499,5880.31651,3636.19017,6367.97311,1406.84007,2588.90721,2670.98989,892.06843,5839.67182,1872.5164,11682.37537,10488.48933,1915.8026,12697.1678,4835.92356,4368.7752,12561.35677,589.72622,5924.69499,1165.58496,7815.99637,31368.33327,2376.02418,457.76565,9584.47984,8531.68706,2965.01471,5849.09495,1481.89622
2019-04-01,6266.00059,454.55938,5437.79314,3383.60424,17833.06189,4184.12257,1978.50534,804.47582,17847.81044,9785.06949,719.86626,1683.73363,9812.05373,7534.71075,3838.00839,2876.00091,5481.03767,6736.72326,910.00348,4055.93149,3835.81195,7646.74038,5089.52755,3438.72431,5367.20239,1187.05398,2188.04904,2633.10554,804.65982,4921.90626,1840.27347,10713.15004,9478.47014,1645.7293,10719.48929,4548.88068,3858.122,10753.26557,540.85134,5777.54508,996.43416,7120.13823,29383.12444,2289.691,423.61674,8078.41695,7213.80831,2377.00246,5265.27518,1355.9438
2019-05-01,7254.10561,458.88832,5822.49825,3470.9167,20217.63469,4408.91382,2020.99499,842.43355,20583.78364,11691.41215,771.62859,1844.55847,10383.72942,7838.93392,3861.86971,3136.86935,5931.88391,7016.92651,962.69144,4626.87929,3800.42996,7766.60048,5135.8215,3733.88647,5829.12274,1126.62764,2270.73439,2785.20104,800.27373,5593.40388,1908.55941,10544.29382,11175.23062,1625.83202,11392.92164,5003.92346,3797.27749,10884.87517,546.44533,6775.3277,943.62007,7452.19801,33697.79311,2356.84067,405.19368,9273.6437,6870.97637,2538.32175,5359.47054,1337.22208
2019-06-01,7784.53318,434.78571,7512.25889,4011.5362,19458.26464,4593.51528,2244.38124,967.41905,22634.62061,12274.43669,808.45132,2173.47013,11361.27029,8310.64883,4114.91231,3576.03648,6196.97922,8431.31587,789.30216,5048.22006,4044.75955,8246.3922,5348.14006,4333.6433,6558.19672,1159.43862,2432.40837,3650.32415,838.32436,6429.981,2094.49281,11783.70432,11816.05315,1568.60052,11975.53703,5651.97031,3868.0036,11379.90755,591.03872,7050.44396,987.34372,8543.14199,38347.12997,2591.56133,419.24457,10032.25957,6702.36802,2493.93836,5529.41411,1325.14964
2019-07-01,8538.54546,460.51472,9107.02843,4554.09307,24800.78171,5479.72551,3040.74626,1170.33938,23879.28629,13918.38159,864.84478,2581.25931,14338.88667,9850.10879,4759.70447,4161.33113,7220.40237,9037.15926,1040.12704,6281.07089,5123.38214,10241.37228,6153.43177,4752.49554,7825.33992,1239.18732,2953.02375,4128.08724,1061.36282,8461.75457,2442.75707,14583.64457,13741.02717,1714.61821,14916.66235,6565.65376,4208.97376,13476.63325,798.17246,8093.88263,1113.43445,9567.52668,43075.44712,3150.03372,500.08723,11663.25488,7155.55404,3040.95836,6739.01005,1386.95175
2019-08-01,8715.53689,478.14797,9353.41169,4846.56108,26016.96997,5672.63285,2635.85673,1150.99545,23901.98943,14056.95754,888.36677,2463.84097,13034.37085,9663.06145,4479.86159,4204.57854,7101.77635,9042.98884,1040.07576,5820.92407,5038.73766,9518.81839,5864.58798,4822.65648,7649.18607,1294.83167,2808.08917,4272.34859,1002.12821,7632.15502,2515.18006,14645.82138,13116.44167,1697.65344,13683.46231,6700.48881,4340.72985,13567.49646,750.85361,8008.29176,1089.94625,9561.52543,44914.77251,3167.0574,473.85028,11049.88908,7319.91443,2838.36808,6222.04117,1351.12458
2019-09-01,8273.1129,450.46267,7656.92723,4663.8141,22952.42836,4895.74609,2134.38929,994.13517,23358.24041,13314.6475,860.16516,1869.07637,11794.83779,8788.269,4191.01705,3901.84396,6605.61902,9048.58764,869.44984,5009.21118,4144.15826,8279.22844,5343.84545,4791.94394,7047.31945,1186.50058,2532.77915,3498.37714,845.50532,6307.92189,2298.7518,12742.6194,12530.30694,1603.45927,12550.88202,6173.83507,3806.06247,12200.66419,591.82612,7318.73629,1006.47649,9445.99249,42282.99724,2686.2607,419.60387,10003.15574,6637.62271,2628.60976,5627.20054,1339.29628
2019-10-01,7043.19292,478.1763,5977.1805,3982.6958,22118.00421,4565.6257,2054.95304,822.97368,21596.57412,11155.43775,859.62158,1782.12262,10565.68463,7925.7603,4009.53955,3208.02113,5738.74812,8137.90999,983.03121,4184.1631,3912.87852,7841.78452,5279.73799,4265.93959,5875.84955,1211.40339,2315.52799,2666.85202,807.20205,5431.14583,2015.67402,11152.71919,10700.49775,1769.77103,11321.91661,4980.61715,4078.9449,11125.72599,554.27842,6552.49451,994.55653,8202.8461,38655.17709,2537.52398,417.12845,8880.66862,7305.81914,2551.55501,5499.25008,1301.236
2019-11-01,6517.01852,491.10956,5117.42416,3580.74446,17072.51452,4416.77154,2138.18121,844.96714,17831.26089,10150.2437,803.56772,1788.55614,10830.32134,7866.10805,4133.61419,3023.72907,5808.4285,6962.72336,899.33089,4615.89801,3971.21608,7978.43848,5377.91802,3614.0356,5874.41535,1278.08222,2388.34765,2546.84891,827.93359,5328.40647,1948.23499,10978.37062,9898.98435,1888.80684,11611.31817,4861.3283,4205.46767,11009.84883,559.95271,5763.23476,1039.46149,7297.28715,30308.57717,2412.78325,443.50584,9409.69753,7338.50294,2821.91887,5429.9158,1416.28314
2019-12-01,6908.66325,531.08578,5635.65822,3792.30481,21427.79741,4750.3636,2522.30021,961.03798,17289.81831,10722.618,799.9953,2058.52433,11430.19388,8259.40787,4394.38825,3222.03403,6166.08012,7042.59388,1011.82992,5254.21346,4379.7306,8366.10334,5849.20482,3799.03311,6537.38123,1398.2601,2617.51321,2806.96768,947.17378,6029.5271,2069.27968,12089.90511,11272.06134,2077.97509,12263.20903,5075.03829,4705.5169,12219.06954,613.58838,6258.25374,1142.8596,7963.3049,32147.93815,2610.8003,485.84726,10152.60081,8614.63937,2946.91785,5835.47316,1507.79971
2020-01-01,7176.42851,593.40719,5769.42878,3961.33375,20562.24693,4706.33266,2378.92267,963.57234,17553.51711,11215.9969,770.77599,2036.80072,11583.32776,8409.41249,4547.68021,3309.32687,6332.02332,7382.66482,1078.92157,5234.70525,4440.13446,8565.98222,5977.32664,3847.39578,6828.60232,1377.90783,2791.41548,2817.02856,967.14072,5965.47536,2095.71084,12200.52008,11358.97365,2131.47097,12607.85841,5171.02589,4677.11758,12882.62451,612.21754,6444.95614,1223.84445,8006.32594,33160.98018,2628.69417,490.29409,10523.21973,8772.22198,3045.26832,5967.1564,1480.849
2020-02-01,6737.74734,540.99683,5238.41831,3816.53509,16783.77126,4382.15032,2174.21418,895.11657,16678.79927,10389.30036,674.49861,1899.48774,11087.86921,8482.08925,4327.44047,3113.16319,6132.85859,7068.94,925.68058,4768.05171,4157.82994,8023.05474,5470.68547,3678.60648,6449.19303,1304.59434,2538.21394,2575.56702,880.74361,5432.01341,1921.16046,11497.06322,10566.01158,1966.0212,12137.68319,4853.35238,4419.31709,12048.70867,551.27858,6108.57473,1117.90908,8015.69558,31833.68614,2388.66322,455.17038,9507.37364,8042.69843,2781.67248,5553.42939,1450.33652
2020-03-01,6479.78199,535.20915,5172.09242,3615.50534,19334.99603,4429.54348,2092.07214,867.93957,18071.12615,10001.74782,725.43212,1783.16575,10412.0774,7941.28461,4066.19409,2927.18941,5745.69622,6838.75647,992.37191,4366.00395,3928.19209,7761.6942,5498.89471,3626.00605,5828.92847,1282.30201,2502.2955,2723.93339,860.78237,5330.91415,1919.36301,11162.18297,9945.58319,1960.05629,11451.66438,4721.62398,4433.99087,10940.09885,572.96177,5891.00992,1085.91351,7396.93016,32370.83125,2420.26629,440.32309,9032.5662,8057.49095,2649.97209,5566.56487,1384.77639
2020-04-01,5708.45118,472.33587,5391.69661,3178.00961,16963.48016,3972.53202,1845.31151,800.55569,18600.77317,8897.64289,621.83354,1729.81447,9080.24047,6544.25372,3718.95029,2692.59234,5046.61701,6868.70322,880.31359,3973.69245,3590.05588,6437.4256,4700.4044,3308.07013,5089.17966,1225.34695,2174.67732,2503.86248,779.74883,4734.06346,1747.04393,10322.36486,8666.86406,1730.69592,9922.45861,4282.22336,3852.91276,10177.52673,536.87101,5158.59852,957.69527,6498.84025,30237.03015,2197.47502,392.21815,7977.08853,7019.99268,2380.34675,4893.55757,1206.03932
2020-05-01,6260.68982,432.8224,7075.00123,3200.6559,18956.69382,4417.2305,1904.14195,806.0971,19310.72037,10010.7509,683.5157,1950.23079,9676.69902,6985.77631,3732.53472,2764.63703,5298.12172,6769.04528,807.60208,4121.81588,3609.59656,6890.40831,4499.16446,3345.22422,5245.71087,1065.41457,2118.46594,3049.6287,785.81211,5006.80249,1959.44608,9729.97032,9725.37757,1536.52592,10176.76147,4647.42203,3802.67889,9864.69543,552.87737,5739.6141,880.88508,6495.68132,32043.43501,2401.77923,395.56046,8416.21365,6312.47989,2414.59767,4945.75233,1120.79211
2020-06-01,7187.13224,426.73726,7869.86641,3740.83358,21459.87126,4760.2355,2428.9294,945.9826,22229.86186,11701.78138,732.89277,2215.27423,11759.53918,8227.58064,4323.09176,3684.24476,6099.72239,7947.183,872.05932,4929.33868,3949.49283,8347.6845,5241.44688,4028.45437,6834.83571,1146.19091,2755.03707,3564.58134,892.82317,6572.67427,2122.32723,11464.54553,11067.31843,1541.52033,12123.59298,5833.5525,3852.82189,11184.45226,645.55967,6728.35864,1003.38636,7914.35281,38159.28157,2623.85811,429.79695,9959.23178,6451.66778,2477.0217,5717.37755,1138.4931
2020-07-01,8223.47991,449.82331,9559.07379,4524.33454,26098.31993,5526.2834,3022.02301,1189.16634,24655.63867,14170.9959,758.44311,2579.32231,14143.89482,9547.97438,4764.89978,4229.56833,7148.49838,8607.6968,1025.0367,6347.38337,5037.8566,10419.69468,6069.0921,4612.76764,8019.98678,1209.51149,3191.55256,4351.98566,1081.4837,8489.55255,2449.60578,14462.22528,13787.25601,1716.49158,14535.69225,6595.90896,4399.67728,13979.536,808.34291,7984.99305,1160.68676,9639.53832,44005.78939,3195.44341,505.41917,12356.06521,6877.42797,2962.37665,6786.36756,1250.72863
2020-08-01,8381.1636,462.60538,9843.02247,4683.54259,24001.90557,5567.12403,2664.81751,1169.64224,24982.87265,13656.15965,773.07904,2510.52719,13199.72691,9237.58465,4627.91587,4079.52781,6781.20095,8705.25009,1085.9687,5760.72281,5196.30138,9540.75589,5925.20127,4735.41699,7387.03518,1257.73374,3138.86107,4458.30549,1018.6483,7740.89786,2478.58234,14164.86484,12827.88953,1790.92962,13512.24513,6383.3291,4473.88441,13577.59328,761.80393,7832.5835,1166.55339,9838.06617,43718.74172,3380.84141,477.34334,11616.89904,6901.60312,2869.70755,6336.51947,1275.62074
2020-09-01,7297.99223,445.3989,8003.82591,4258.33998,23975.36364,4784.25233,2203.68056,917.24485,22955.28069,11816.43119,746.89677,1969.80297,10573.98221,8103.91584,4041.53329,3447.73482,6025.49499,8174.25394,945.54699,4599.76276,4318.92772,7642.91755,4933.45266,4439.86924,6258.0563,1131.2421,2506.52705,3664.84893,868.214,6149.65873,2170.12823,12416.35791,11134.53304,1673.74854,11570.30027,5259.89177,3950.04774,11502.71974,621.95208,6667.05385,1005.57735,8948.31906,39782.77908,2728.82652,419.17622,9502.81459,6295.49776,2432.60358,5300.00086,1146.96857
2020-10-01,6477.24728,479.36493,6801.56566,3638.05122,23587.97568,4526.36734,2000.05523,826.42021,21040.06129,10389.55079,797.99312,1778.50885,9955.0168,7848.70714,4043.75136,3104.19365,5430.02663,6997.02394,909.20452,4022.86449,3795.46225,7645.687,5002.61513,3731.02109,5599.49669,1102.94103,2374.62042,3051.28429,804.40397,5221.92178,2019.72283,10780.31188,10142.57064,1840.97513,11220.68024,4747.58179,3998.80518,10494.34978,552.86932,6012.09958,977.18644,7217.88237,36093.95316,2555.15349,414.18142,8444.64636,6628.12526,2469.52031,5301.65847,1245.05378
2020-11-01,6154.98385,523.34795,5460.70035,3379.52624,16723.70403,4266.64676,2013.66452,800.33664,18496.54066,9696.91072,758.08472,1844.84574,9748.15769,7549.25459,4010.0891,2874.38929,5364.65675,6620.02487,837.56289,4176.22333,3732.42228,7441.3107,5052.46576,3364.54124,5529.58586,1166.77457,2388.58445,2638.27914,813.14442,5160.74115,1858.74842,10516.59928,10209.63953,1887.57138,10789.5918,4518.50392,4327.36768,10512.8989,519.35133,5920.01231,997.18395,6908.71631,30971.48328,2476.60575,425.55656,8953.09806,7057.45454,2554.09454,5254.92256,1249.18115
2020-12-01,7310.50707,555.52783,5775.38208,3854.33518,21726.34372,4711.56566,2385.84033,946.97688,17864.97909,11522.87349,753.31551,2163.57122,11248.74553,8277.9104,4435.78111,3257.37851,6395.48206,7147.14259,986.47116,5328.47534,4253.06905,8295.29043,5683.85656,3764.66675,6655.10111,1314.21946,2691.28522,2834.59401,940.58381,6193.50579,2035.31588,11689.62583,10958.96277,2043.44511,12566.67032,5284.88931,4830.69165,12555.63285,615.45549,6249.32166,1119.02335,8123.53971,34485.27606,2665.55037,486.41819,10965.17122,8289.48365,3039.40136,5825.05403,1382.17869
2021-01-01,7565.88536,539.56871,5851.9333,4239.31446,18518.76282,4685.06338,2468.56103,990.32002,17872.07024,11917.20071,725.00508,2086.12066,11574.95838,8677.18896,4562.86718,3287.51235,6764.935,7710.71588,995.12127,5534.34812,4480.40864,8303.98296,5652.90669,4116.57705,7103.18196,1353.76258,2552.2805,2807.66051,966.60066,5665.53251,2080.03842,12092.37427,12424.43395,2085.5572,12793.03594,5477.41891,4607.12111,13101.22586,628.47417,6955.35782,1150.4441,9028.78948,35084.58887,2662.16026,503.18702,11293.21852,8063.73827,3200.61291,5885.58189,1382.00591
2021-02-01,6943.58436,518.86834,5014.09783,4078.90838,15995.00934,4334.00769,2276.86585,946.24861,17092.99594,10788.99045,624.08569,1890.33321,11256.33946,8543.3677,4459.6732,3376.9655,6456.79745,7246.46861,947.63468,5145.27423,4224.51902,7818.69329,5387.24268,3866.60422,7308.08083,1358.51028,2685.17259,2444.34129,906.25024,5923.07856,1876.63943,11700.00012,11348.33691,2041.19425,12479.55487,5174.27167,4332.90205,12191.91759,579.29725,6301.97004,1161.06617,8801.47128,28884.42095,2352.63566,458.47503,10540.49763,7952.91203,2889.96694,5659.04056,1338.80238
2021-03-01,6639.53506,542.44758,5361.32307,3839.00637,20509.26024,4495.47764,2154.0697,900.05556,17951.4482,10435.9352,703.35519,1837.46076,10399.20154,7958.27659,4305.80629,2949.36457,5882.67301,7003.78473,991.0037,4610.13996,3981.43819,7825.14206,5411.62096,3775.51271,5950.61656,1284.06314,2493.29879,2652.42166,898.89631,5646.19639,1928.03555,11057.92202,10095.54516,1952.16152,11688.41686,4720.25379,4449.20455,11737.22898,591.09954,5808.25068,1082.95949,7999.72492,29922.20155,2434.76822,457.45218,9527.52472,8111.27345,2750.81164,5570.9081,1354.25973
2021-04-01,6161.72519,483.33107,5743.2193,3420.08518,15217.34381,4277.66137,1913.9843,802.91806,17973.09948,9749.47942,690.47689,1848.82233,9398.13507,7372.23443,3919.76309,2729.56266,5425.90576,6863.7884,959.54733,3948.22109,3711.46665,7212.9047,4849.48348,3430.31299,5380.5162,1183.23616,2226.88365,2713.50475,788.9157,4911.26742,1894.17253,10190.77277,9782.29695,1813.32046,10823.1993,4519.36238,3946.86923,10361.51463,517.68564,5781.80694,984.50174,7134.98857,30883.26235,2294.22555,404.28022,8515.11701,6961.43912,2458.56567,5107.53895,1251.5421
2021-05-01,6591.84032,459.62978,6831.62487,3537.66332,18502.39272,4468.9161,2002.94369,842.26885,20326.40238,10686.80791,752.87217,2040.87339,10138.7139,7827.26623,4014.42897,3028.25328,5666.07987,7114.05098,849.53756,4287.07976,3654.26364,7726.37689,5057.77403,3632.69935,5526.30359,1096.25571,2337.58621,3211.5959,801.72697,5421.74627,2043.48594,9967.7395,10096.13686,1745.97463,11466.04363,4893.60807,3965.4467,10595.69571,537.25326,6290.24953,944.79136,7145.28639,32489.79953,2528.44381,408.26554,9184.61388,6433.52502,2509.00057,5311.11882,1243.74795
2021-06-01,7509.01996,438.55042,8763.97307,4093.46404,22326.89656,5027.94763,2558.48823,1034.49391,22179.21723,12331.91429,755.387,2671.8994,12468.07622,8705.44765,4646.85584,3726.85725,6475.91833,8132.47818,956.25084,5334.85912,4472.30028,9073.24233,5896.45401,4168.98019,6968.67077,1212.61073,2860.27959,4100.55954,965.76177,6879.84651,2344.52096,12040.16858,11707.72289,1822.51326,12852.66328,5941.45542,4346.50005,11887.08402,685.68282,7058.50907,1096.08169,8415.93396,38345.60403,3170.7811,448.75099,10701.90225,6932.61855,2616.46922,6200.69291,1300.96585
2021-07-01,8219.08998,452.2455,9217.88021,4732.07243,26008.72742,5682.16588,2511.40906,1180.67614,23805.91574,13674.49327,803.46275,2859.07431,13283.78607,9358.55553,4883.30895,4079.51995,7059.32068,8769.97611,997.65244,5991.27421,4759.84264,9479.86438,6232.70476,4705.3246,7719.0257,1360.47875,3190.56459,4698.54591,987.67937,7850.12297,2517.88426,13885.71184,13403.78609,1924.12067,14014.12875,6562.09853,4612.61151,13410.43623,726.00651,8144.79011,1192.61736,9596.77796,43073.73696,3452.77964,467.43363,12135.63884,7125.18135,2877.00519,6551.20956,1401.37333
2021-08-01,8523.89621,458.12567,9100.58456,4953.23755,25923.70267,5664.49693,2962.63699,1168.18536,24564.90008,14020.42944,817.6001,2399.53625,13987.28334,9863.47937,4945.47464,4315.45689,7312.15829,9153.45814,1008.88418,6003.9504,5013.62976,10099.37566,6173.68628,4853.22698,7985.91602,1312.81616,3234.09969,4434.77428,1068.32848,7981.94958,2512.09696,13950.11779,13925.02339,1903.73121,14603.25014,6782.77491,4541.55402,13751.07604,788.43486,8143.15305,1213.19242,9960.21868,44084.60767,3171.619,506.27058,12037.24654,7182.49921,2910.44084,6756.08936,1331.42316
2021-09-01,7544.61213,458.08731,8026.64879,4599.83074,23517.00508,4968.62659,2348.54696,985.80104,23096.58015,12097.31428,760.22056,1913.35683,11536.29423,8469.67453,4296.52901,3849.678,6334.24094,7949.32459,1027.93242,4826.6225,4602.57309,8068.70875,5216.6908,4517.26554,6802.70232,1116.06203,2691.04734,3751.79966,901.67753,6050.20442,2342.73531,12944.00179,11936.60307,1729.07624,12285.43381,6050.3151,3946.91889,11987.11396,624.95671,6991.52912,1053.57543,9155.82674,42511.61335,2781.88122,429.51219,10273.85587,6460.51954,2499.88187,5618.33246,1242.11804
2021-10-01,6826.8828,483.95207,6112.50845,3892.07195,20570.55004,4454.75356,2034.34071,843.03263,21289.942,10872.14507,783.02664,1708.31258,10433.98739,7780.1263,4211.2837,3198.51391,5769.42602,7141.00619,865.84416,4221.43035,3854.62263,7822.57185,5139.37972,3959.24693,5802.29706,1090.24365,2417.64735,2912.25974,819.75689,5346.01634,2107.92426,10966.42696,10309.38318,1784.94035,11695.26616,5034.22288,3947.56304,10952.65664,570.41149,6541.90652,988.38351,7676.12714,36798.09278,2499.21099,416.98962,9542.368,6713.37904,2523.36859,5528.06659,1268.22122
2021-11-01,6484.31843,531.95794,5327.71863,3563.01581,18671.74471,4271.33386,2086.31928,843.46954,16585.40707,10399.91072,760.4337,1798.06769,10355.74183,7757.26295,4156.57389,2997.33347,5879.57253,7026.3174,840.28762,4535.61401,3898.54069,7736.95568,5161.11458,3569.84237,5747.02209,1185.37563,2468.42877,2645.59087,819.84599,5220.40055,1965.05741,10641.21045,10300.45629,1948.23747,11533.36885,4704.01273,4128.41072,11083.45164,541.2766,5860.10951,1012.36017,7319.17722,31596.93579,2441.34971,433.29936,10155.57593,7153.96896,2731.77798,5356.46655,1310.8759
2021-12-01,6630.64064,582.49356,5707.40704,3735.82666,20159.17684,4560.69216,2307.97549,942.57851,18322.56327,10600.26168,754.45347,2135.57198,11034.92111,8032.30899,4505.9022,3111.17405,6107.09085,7272.52323,1048.29807,4958.03972,4000.71334,8235.7822,5729.22409,3682.16307,6171.27419,1358.06594,2725.73423,2861.20786,940.94856,5686.66348,2132.65241,11574.87633,10940.50684,2223.80055,12121.37993,4960.19568,5055.8384,12204.94018,569.92246,6330.51843,1147.73918,7946.29353,32824.84665,2694.6145,482.76822,9966.75486,8564.72638,2812.51566,5873.03398,1428.24797
2022-01-01,7769.29839,579.64248,5862.68558,4189.36764,20356.9894,4756.82215,2610.62552,1075.14901,18146.57986,12480.19053,727.17624,2277.35164,12371.86305,9004.55812,4949.18575,3444.91956,7069.72911,7994.67896,1152.79908,5994.73056,4437.3588,8844.63643,6096.48385,4086.92058,7474.40735,1490.32958,2864.44931,2885.72097,1023.40099,6325.7681,2228.20218,12297.35664,13578.30792,2296.62014,13601.88794,5733.02716,4950.95838,13994.03271,636.0612,7333.1618,1263.54557,8883.65659,35159.93316,2680.15463,534.21238,12080.40527,9059.44967,3334.67946,6267.18843,1494.83546
2022-02-01,6826.9483,510.2605,5229.57427,4005.69845,16541.60108,4343.20155,2214.55722,993.85198,18069.36854,10792.84017,653.06818,2002.181,10919.44035,8410.1555,4445.73043,3204.15951,6453.7126,7651.40357,1073.45749,4931.67268,4267.11037,7864.37325,5459.04539,3936.96774,6785.08408,1390.36006,2670.28399,2584.20508,909.14456,5471.06419,2012.55284,11551.90587,11704.06713,2109.67982,12156.1165,5195.81734,4375.0559,12373.82131,570.22263,6498.53495,1168.52011,9081.21173,32486.55235,2406.37838,470.33317,11021.88422,7908.86857,2799.29232,5583.01499,1382.79145
2022-03-01,6522.09428,527.32947,5632.08509,3826.25027,19707.70918,4614.63566,2194.93172,922.35925,19593.21525,10499.68227,733.33351,1941.49005,10715.88054,8122.4511,4522.04082,3129.2848,6092.80514,6931.12839,1076.17152,4666.62369,4086.1682,8164.06869,5644.84101,3753.46961,6180.32745,1311.29196,2656.6311,2731.29066,894.06213,5607.58236,2060.22349,11397.63699,10183.12433,2194.75193,12431.0935,5068.8648,4417.50566,11500.27031,609.61096,6181.33314,1152.36592,7898.22962,34025.97962,2513.71729,465.91902,9510.68678,8064.50594,2779.48491,5800.93992,1420.20111
2022-04-01,6171.53114,481.30812,5882.38389,3491.07185,18401.71734,4306.09315,1923.08519,839.1021,19272.21727,9975.67667,713.11114,1858.76492,9721.39234,7483.2224,4086.82365,2937.70139,5633.20724,6847.6872,890.90448,4043.63417,3966.46372,7448.32506,4972.64803,3507.86915,5548.65643,1244.4335,2392.98523,2790.35079,795.55951,5036.60413,2046.43003,10564.60419,9466.51677,1858.86639,10953.12586,4754.47652,4203.94266,10795.8336,658.81161,5874.65813,1042.66285,7307.63807,32173.17438,2337.22903,413.00095,9547.50709,7433.28636,2457.15994,5249.49802,1344.29564
2022-05-01,7217.50266,467.82573,7131.51813,3750.60128,18486.17843,4392.87028,2118.79088,842.83903,22249.65271,11757.86916,751.53455,2002.11737,10767.47136,7960.78177,4335.16277,3341.50975,5993.12856,7834.51845,838.85424,4477.48137,3868.89105,7929.61628,5128.03253,3914.48385,6033.71118,1154.96873,2502.24334,3279.70337,828.4568,5611.24747,2217.15763,10366.4287,11155.13393,1937.35003,11568.99259,5596.96281,4071.46532,10716.02228,605.27487,6959.58472,979.34845,7714.57478,36250.01837,2516.65133,422.00261,10052.18849,6791.23245,2565.27989,5568.37891,1280.00839
